name_company;country;date_of_create;id_manager
Носова Инкорпорэйтед;Коморы;1900;891
ИП «Соловьева, Яковлева и Филатов»;Лаос;1953;474
ООО «Агафонов»;Чили;1968;349
Горбунов Групп;Замбия;1957;267
ИП «Киселева, Наумова и Беляков»;Парагвай;1919;722
ЗАО «Соболев Кудряшова»;Таиланд;1997;95
СБСВ-Ключавто;Алжир;1947;547
Агафонов Групп;Намибия;1942;804
ЗАО «Ларионов, Гусева и Шубин»;Индия;1987;428
НПО «Комаров, Кабанова и Федоров»;Багамские Острова;1928;620
Бургер Рус (Burger King);Монако;1913;380
НПО «Маслова»;Черногория;1935;525
Блохина и партнеры;Сербия;1947;495
НПО «Беляева, Мухина и Зайцева»;Гвинея;2007;332
ЗАО «Маслов Мартынов»;Албания;1941;680
ООО «Шилов-Калашников»;Северная Македония;1986;321
ООО «Красильников, Фокин и Симонов»;Казахстан;2006;101
ОАО «Соколова, Козлов и Кузнецов»;Малайзия;1931;524
АО «Гуляева, Баранов и Петухова»;Эфиопия;1942;936
АО «Алексеев-Гурьева»;Бельгия;1995;251
Ситников Лимитед;Исландия;1944;668
Квадра;Экваториальная Гвинея;1902;518
РАО «Новикова, Капустина и Герасимова»;Индия;1924;458
ИП «Федотова Фомина»;Бенин;1974;307
ИП «Васильев, Муравьев и Субботин»;Ливия;1919;233
Северсталь;Мальта;2012;276
ЗАО «Михайлов»;Гренада;1926;129
НПО «Русакова»;Монако;1927;633
Группа компаний ПИК;Джибути;2017;136
ОАО «Григорьев»;Иордания;1999;133
ОАО «Фролова, Нестеров и Виноградов»;Южный Судан;1939;174
АО «Егоров»;Чад;1963;923
АО «Фомичев Богданова»;Антигуа и Барбуда;1990;260
АО «Максимова-Макаров»;Австралия;1948;440
Сергеев Инкорпорэйтед;Барбадос;1989;910
ОАО «Князева-Волкова»;Туркмения;1924;239
ФМСМ (PMI);Демократическая Республика Конго;2013;20
НПО «Наумова Виноградов»;Гвинея;1921;768
НПО «Журавлева, Фокина и Никонова»;Ангола;1961;72
НПО «Сорокин»;Дания;2003;248
Силина и партнеры;Испания;2011;862
ООО «Блохина-Пахомов»;Оман;1990;225
ООО «Колобова-Афанасьева»;ОАЭ;1970;340
НПО «Суханова Колобов»;Камерун;1942;42
ИП «Назарова-Блинова»;Дания;2011;222
ООО «Филатова, Котова и Киселева»;Сенегал;1901;809
ЗАО «Дементьев-Морозова»;Албания;1971;52
НПО «Давыдов»;Бурунди;1902;595
ООО «Гурьева Тарасова»;Гондурас;2013;926
ИП «Романова-Киселев»;Португалия;1990;575
ИП «Кононов, Жданов и Сидорова»;Гренада;1912;366
Архангельский ЦБК;Пакистан;1944;985
РАО «Соловьева Лаврентьева»;Канада;2010;219
Исаков Лтд;Албания;1918;140
НПО «Никонов, Овчинникова и Никитин»;Республика Конго;1938;743
ИП «Зыкова, Селезнева и Соловьев»;Казахстан;2003;751
ЗАО «Филиппова Наумова»;Буркина-Фасо;1954;901
РАО «Игнатьева-Мартынов»;Мальдивы;1954;152
Петухова Лимитед;Сент-Китс и Невис;2007;96
Борисова и партнеры;Либерия;1964;477
ОАО «Полякова Зиновьев»;Катар;1995;872
Белоусова Лтд;Норвегия;1997;865
Полиметалл;Сейшельские Острова;1904;573
НПО «Беспалов, Мартынова и Смирнов»;Тонга;2019;922
ПТК Уголь;Украина;2015;913
ЗАО «Алексеев»;Мадагаскар;1985;539
ООО «Юдина-Федосеева»;Эритрея;1953;16
ИП «Щербаков, Федосеева и Симонова»;Швеция;2006;789
НПО «Большакова»;Мозамбик;2016;569
ОАО «Кузнецова, Горшкова и Одинцова»;Австрия;2012;188
РАО «Овчинников Мухина»;Пакистан;1930;648
Матвеева Лимитед;Румыния;1935;1
Купишуз (Lamoda);Венесуэла;1948;696
НПО «Мамонтов-Прохоров»;Черногория;1903;35
Евдокимов Лимитед;Гамбия;2004;930
ООО «Тетерин»;Черногория;1933;774
ОАО «Ефремова»;Сирия;1988;3
Техкомпания Хуавэй (Huawei);Тонга;1948;429
АО «Авдеев-Владимирова»;Гаити;1925;521
Тетерина Инк;Бурунди;1901;651
Устинова и партнеры;Узбекистан;1926;533
Мерида;Бутан;1946;341
ЗАО «Дорофеев-Уварова»;Марокко;1913;691
Мишина и партнеры;ЮАР;2016;884
ИП «Кононов»;Украина;1980;193
ИП «Денисов-Большакова»;Гвинея-Бисау;1982;760
ЗАО «Ефимова-Пестов»;Центральноафриканская Республика;1945;858
НПО «Савина»;Новая Зеландия;1900;138
Автотор холдинг;Ливан;1982;463
ООО «Антонова Орехов»;Азербайджан;2003;973
Юг-Нефтепродукт;Андорра;1932;655
ООО «Громов-Дорофеев»;Ливан;1918;105
ЗАО «Колобова-Кошелева»;Франция;1925;770
ВО Машиноимпорт;Эстония;1986;572
ИП «Гурьев Лобанов»;Эфиопия;1984;19
Колобова Групп;Коста-Рика;2013;623
Холдинг Транспортные компоненты;США;2016;416
ИП «Рыбаков, Королева и Лыткин»;Непал;2013;516
РАО «Устинова, Карпова и Бурова»;Тонга;1963;364
НПО «Капустина, Лазарева и Кузьмин»;Сербия;2004;880
Emex;Египет;1936;438
ЗАО «Морозов»;Бурунди;2015;80
ИП «Кулагин, Виноградов и Боброва»;Турция;1944;736
ИП «Баранов»;КНДР;1983;761
Русснефть;Кирибати;1951;935
ОАО «Суханова-Лаврентьев»;Джибути;2018;984
ООО «Комарова Зыкова»;Люксембург;1943;742
Якушев Инк;Чили;1994;726
Бобылева Лтд;Центральноафриканская Республика;1943;368
РАО «Калашников Казакова»;Эсватини;1905;902
НПО «Смирнова Пономарев»;Лаос;1957;308
РАО «Калинин-Данилов»;Кот-д’Ивуар;1975;500
РАО «Щукин, Федосеев и Суворова»;Науру;2018;600
ЗАО «Герасимова Орлов»;Эритрея;1971;886
ООО «Борисова»;Польша;1994;377
ГК Невада (Самбери);Мадагаскар;1931;730
РАО «Гурьева, Афанасьев и Евдокимов»;Азербайджан;1917;497
ИКЕА Торг (INGKA);Ирак;1958;155
Григорьев и партнеры;Эсватини;1926;780
ЗАО «Филатов, Сафонов и Кудряшова»;Перу;1938;74
ЗАО «Боброва Морозова»;Катар;2002;124
РАО «Захарова, Горбунова и Селезнева»;Судан;1905;643
ОАО «Костина»;Ливия;1965;805
ОАО «Абрамова, Елисеева и Юдин»;Гвинея;1922;782
Брагина Инк;Южный Судан;2008;433
РАО «Третьяков, Куликов и Тетерина»;Ирландия;1912;221
Протек;Соломоновы Острова;1910;167
НПО «Давыдова-Стрелкова»;Бенин;1901;310
АФК Система;Сейшельские Острова;1916;22
ЗАО «Федотова, Прохорова и Копылова»;Никарагуа;1904;423
ЗАО «Фомин-Тихонова»;Эсватини;2017;311
ЗАО «Красильникова»;США;1999;291
Фомин Инк;Азербайджан;2006;946
ООО «Бобылев»;Замбия;1910;850
ООО «Рыбакова-Казакова»;Барбадос;1965;448
ЗАО «Яковлева»;Гондурас;1999;122
ООО «Галкин Мухина»;Сальвадор;1931;517
Красильников Групп;Малави;1997;512
ЗАО «Александров»;Иран;1932;536
ООО «Сазонова»;Мьянма;1975;868
АО «Тарасова-Семенов»;Ирак;1971;700
ОАО «Орлова Егоров»;Азербайджан;1947;453
АО «Морозов Федоров»;Ямайка;1936;435
Автозаправочные комплексы Atan;Багамские Острова;1949;716
ЗАО «Блинова, Носкова и Щукин»;Ирландия;1951;834
ИП «Журавлева-Евсеева»;Джибути;1943;678
Кудрявцева и партнеры;Филиппины;1913;603
ЗАО «Селезнева»;Йемен;1945;461
ИП «Шарова-Артемьева»;Андорра;1925;467
НПО «Сорокина, Шилова и Иванова»;Перу;1975;471
НПО «Суворов»;Никарагуа;2009;300
Гуляева и партнеры;Федеративные Штаты Микронезии;1951;590
ЗАО «Рябова Беляков»;Малайзия;1961;607
ОАО «Фокин, Боброва и Турова»;Багамские Острова;1959;640
Стройтранснефтегаз;КНДР;1984;131
ИП «Зиновьев-Кошелев»;Гвинея-Бисау;1935;64
ИП «Лаврентьева, Анисимов и Кузнецова»;Сьерра-Леоне;2006;687
ЗАО «Игнатьев Панов»;Никарагуа;2005;522
РАО «Мясникова, Федорова и Меркушева»;Сент-Люсия;1934;555
ООО «Лыткин Лихачева»;Гамбия;1994;658
ИП «Воронцова, Попов и Шарапов»;Норвегия;1975;855
ООО «Кузьмина, Белякова и Чернов»;Греция;1911;204
Владимиров Инк;Сирия;1962;526
Сазонова Инк;Болгария;1901;47
ИП «Сафонова Александрова»;Федеративные Штаты Микронезии;1984;740
Потапов и партнеры;Франция;2017;714
Бирюков Лимитед;Турция;1974;198
АО «Одинцов, Копылова и Ефремов»;Бельгия;1951;672
Туров Инк;Соломоновы Острова;1988;230
Тетра Пак (Tetra Pak);Ирак;2005;112
НПО «Семенова, Хохлов и Селезнева»;Танзания;2016;534
Группа ЛСР;Науру;1991;963
НПО «Фомичева-Лебедев»;Нидерланды;1945;442
Соллерс;Дания;1924;719
ООО «Горбунов, Беляев и Носков»;ЮАР;1942;918
ИП «Зимина-Лихачева»;Армения;1995;779
ЗАО «Доронин, Ширяева и Жуков»;Оман;1983;196
АО «Зиновьева-Селезнев»;Гаити;1948;812
Рыбаков и партнеры;Сингапур;1970;405
Вирлпул Рус (Whirlpool);США;1931;455
НПО «Турова»;США;1956;688
Михайлова Инкорпорэйтед;Молдавия;1928;104
Гала-Форм;Китай;1948;867
Сысоев Групп;Венесуэла;1909;551
ООО «Кудряшова, Шестакова и Рябова»;Суринам;1942;249
ОАО «Сафонов Тарасова»;Тунис;1944;294
ОАО «Воронова»;Малайзия;1960;209
Цветкова Групп;Ботсвана;1901;520
Азур Эйр;ЮАР;1985;14
РАО «Дьячков»;Россия;1957;621
ИП «Савельев, Федотова и Русаков»;Великобритания;1939;934
Главное управление обустройства войск (ГУОВ);Иран;1933;540
Ефремов и партнеры;ОАЭ;1964;970
АО «Белоусова-Хохлов»;Исландия;1997;813
ЗАО «Муравьева-Комарова»;Либерия;1980;776
Авилон АГ;Египет;1909;953
КМР и СНГ (KIA);Демократическая Республика Конго;1920;829
АО «Гуляева, Антонова и Гуляева»;Мьянма;1933;206
ЗАО «Александров Носова»;Гвинея-Бисау;1976;32
ОАО «Волкова»;Кипр;2012;849
Брагин Инк;Малави;1969;844
Астон;Албания;1948;401
Сидоров Лимитед;Япония;1953;853
ОАО «Михеев-Гришин»;Аргентина;2001;213
Логинов Инкорпорэйтед;Кирибати;1939;871
ОАО «Абрамова-Кудрявцева»;Габон;1945;662
ЗАО «Рыбакова»;Ботсвана;1908;567
Вайлдберриз;Северная Македония;1937;546
Нефтехимремстрой;Бутан;1976;242
ЗАО «Терентьева-Тетерин»;Гайана;1922;836
РАО «Фокин Некрасова»;Ямайка;1989;989
НПО «Красильникова Комарова»;Боливия;1908;170
Велесстрой;ОАЭ;1934;93
Пестов Инкорпорэйтед;Болгария;1929;832
Дьячкова Групп;Венесуэла;1978;4
Газпромбанк;Бахрейн;1943;917
ООО «Зимин»;Гренада;1999;541
ЗАО «Горбачева, Сергеева и Филиппов»;Шри-Ланка;1949;328
ИП «Сидорова Пономарев»;Гаити;1942;686
Исаева Инк;Узбекистан;1920;236
ЗАО «Фомин, Смирнов и Горбунова»;Федеративные Штаты Микронезии;1966;933
АО «Суханова-Карпов»;Чили;1966;824
ОАО «Дементьев Зимин»;Суринам;1991;611
Попова Лтд;Сенегал;1913;348
ИП «Мишин»;Габон;1996;214
НПО «Андреева»;Сирия;1928;77
АО «Никитин»;Зимбабве;1933;975
ГК Агропромкомплектация;Саудовская Аравия;1947;940
ВСК;Бенин;1901;762
НПО «Логинова Михайлова»;Кения;1960;53
ОАО «Прохорова, Лукин и Филатов»;Китай;1947;821
Л'Ореаль (L'Oreal);Суринам;1940;833
ЗАО «Кириллов-Прохорова»;Мальта;1977;847
Фармперспектива;Кабо-Верде;1945;164
Авилон АГ;Фиджи;1910;492
Ильина Лтд;США;2000;927
РАО «Лихачева, Нестерова и Андреев»;Науру;1917;109
АО «Осипов»;Намибия;1987;499
Денцу Эйджис Си Эс (Dentsu);Молдавия;1987;134
UCL Holding;Сирия;1980;734
Кононова Лтд;Туркмения;1956;614
Абрамова Лимитед;Эсватини;1991;8
ВО Машиноимпорт;Республика Корея;1914;241
АО «Харитонов, Цветкова и Никифорова»;Сербия;1914;444
ЗАО «Архипов Большаков»;Колумбия;1961;185
Игнатьева Инкорпорэйтед;Бурунди;2011;216
Селиверстов Инкорпорэйтед;Экваториальная Гвинея;1925;605
ОАО «Лыткин-Евсеев»;Тринидад и Тобаго;1911;646
ОАО «Тимофеева Суворова»;Эстония;1930;369
Шарапов Инкорпорэйтед;Алжир;1982;110
Брок-Инвест-Сервис и К;Бразилия;1959;531
Русал;Словения;1921;246
РАО «Суворов»;Иордания;1946;373
ИП «Лапин»;Япония;1910;851
Райффайзенбанк (Raiffeisen);Боливия;2018;289
ООО «Аксенов»;Нигер;1914;424
Соболева Лтд;Сан-Томе и Принсипи;1966;924
ЗАО «Соколова»;Ямайка;1995;574
ОАО «Суворова-Уварова»;Центральноафриканская Республика;2008;702
АО «Якушева-Захарова»;Багамские Острова;1941;875
АФК Система;Замбия;2018;594
ОАО «Макаров, Савина и Мамонтова»;Черногория;1959;638
Константинова Инкорпорэйтед;Центральноафриканская Республика;1937;960
Кононова Инк;Колумбия;2014;342
НПО «Овчинникова»;Маршалловы Острова;1958;395
ООО «Белозерова Шубина»;Киргизия;1947;262
Харитонов и партнеры;Казахстан;1911;501
Савина Лимитед;Филиппины;2000;978
НПО «Большакова-Горбачева»;Коморы;2007;396
АО «Шубин-Горбунов»;Словакия;1970;864
ООО «Селезнев, Колобова и Кондратьев»;Бахрейн;1947;653
ЭР-Телеком Холдинг;Румыния;2005;301
Лыткина и партнеры;Таджикистан;1936;195
РАО «Зуева-Самсонов»;Вануату;2001;427
ООО «Шубин, Сысоев и Емельянов»;ОАЭ;1981;942
Щербаков Лимитед;Гамбия;1998;178
НПО «Самсонова Анисимов»;Катар;1908;415
НПО «Зимин, Гордеев и Рожков»;Палау;1903;88
Национальная медиа группа;Австрия;1912;79
ЗАО «Горшков Никитин»;Хорватия;1958;576
Орехова Инк;Сирия;1914;710
АО «Прохоров-Громов»;Барбадос;1913;10
ООО «Романов, Федоров и Самсонов»;Лихтенштейн;1959;15
НОВАТЭК;Саудовская Аравия;1913;979
НПО «Федосеева, Потапова и Гуляев»;Тунис;1911;538
АО «Харитонова-Морозова»;Тонга;1908;677
ЗАО «Александрова-Жданова»;Чехия;1905;955
НПО «Смирнов-Михеев»;Южный Судан;1964;407
Пахомова Инк;Ботсвана;2007;866
Ферреро Руссия (Ferrero);Хорватия;1919;357
НПО «Турова, Аксенова и Воробьев»;Джибути;1951;628
Восточная техника (Vost-Tech);Мозамбик;2000;775
Белоусов Групп;Малайзия;1987;75
ИП «Новиков-Воронова»;Маршалловы Острова;1974;171
ИП «Федосеев, Баранов и Шубин»;Монако;1978;977
АО «Фадеев»;Демократическая Республика Конго;1940;793
Азур Эйр;Кувейт;2001;665
Соболев и партнеры;Чад;1923;54
ООО «Крюков, Шестакова и Медведев»;Таджикистан;1926;2
АО «Суханова, Евдокимов и Гусева»;Австрия;1975;685
ЗАО «Беляева-Орлов»;Коморы;1974;890
ПТК Уголь;Иран;1967;102
Мосводоканал;Сенегал;1986;363
ЗАО «Горшкова-Яковлева»;Ямайка;1960;82
НПО «Шестаков-Лаврентьев»;Белиз;1964;335
ЗАО «Наумов-Макарова»;Ирландия;1902;172
Кононова Инк;Гаити;1965;89
СОГАЗ;Кипр;1980;30
ООО «Трофимова-Рыбакова»;Канада;1982;787
ЗАО «Кудрявцев Емельянова»;Швеция;2011;165
Владимиров Инкорпорэйтед;Индонезия;1939;893
НПО «Белов Маслова»;Республика Корея;1992;952
ОАО «Данилов-Силин»;Эсватини;1966;506
ОАО «Александров-Котов»;Ботсвана;1982;447
РАО «Сысоева, Кулаков и Соболева»;Сомали;1956;223
РАО «Яковлева, Ларионов и Турова»;Люксембург;1930;1000
ЗАО «Федотов, Мельников и Комаров»;Демократическая Республика Конго;1987;892
РАО «Корнилова-Захарова»;Германия;1915;322
ООО «Назарова-Владимирова»;Канада;1901;263
ОАО «Мартынова, Осипова и Белов»;Австралия;2017;99
Лаборатория Касперского;Вьетнам;1904;749
ИП «Большакова, Носков и Сафонов»;Кирибати;1962;166
ИП «Орехова»;Антигуа и Барбуда;2007;553
ИП «Киселева Миронов»;Чехия;1958;904
Объединенная судостроительная корпорация;Словакия;1942;588
Трофимова и партнеры;Австралия;1937;845
Автодом;Китай;1921;261
Виноградова Групп;Республика Конго;1975;354
ОАО «Архипова»;Сербия;1919;482
ИП «Савин»;Португалия;1935;860
ООО «Ефимов-Кулаков»;Сингапур;1943;956
ООО «Фомичев-Орлова»;Венесуэла;1935;820
РАО «Афанасьев, Тетерин и Евдокимова»;Литва;1968;987
РАО «Абрамова-Елисеева»;Эритрея;1902;411
ООО «Носкова, Гурьев и Доронина»;Центральноафриканская Республика;1988;145
НПО «Самойлов»;Нигерия;2016;759
Давыдов Инк;Ангола;1913;203
РАО «Баранова, Дроздова и Дорофеева»;Мавритания;2009;90
НПО «Горбачева»;Боливия;2016;353
НПО «Логинова-Харитонова»;Восточный Тимор;1999;735
НПО «Кудряшова-Лебедев»;Габон;1946;141
Сорокина Инкорпорэйтед;Камбоджа;1978;530
Мерида;Пакистан;2007;900
ОАО «Юдина, Дорофеева и Давыдов»;Ангола;1904;205
НПО «Терентьев Авдеев»;Центральноафриканская Республика;1955;257
Гущина Инкорпорэйтед;Ливия;1956;612
Фирма Агрокомплекс им. Ткачева;Албания;1906;838
Ковалева Лтд;Алжир;1934;21
Галкина Лимитед;Сент-Люсия;2016;945
Мухина Групп;Финляндия;1963;877
ИП «Никитина»;Мексика;1980;783
ИП «Ефимов Громов»;Бурунди;1989;632
РАО «Соболева, Куликова и Меркушева»;Израиль;1954;705
Третьяков Лимитед;Сирия;1985;552
Август;Ботсвана;1976;704
НК Дулисьма;Гайана;1932;256
ООО «Князева»;Республика Корея;1955;73
Суворова Групп;Шри-Ланка;1998;950
Гаврилова и партнеры;Папуа;1975;78
АО «Громов-Сафонова»;Ливия;2011;399
РАО «Егорова-Исакова»;Науру;1963;383
РАО «Ковалева, Мишина и Орлова»;Бруней;2005;502
МУМТ (BAT);Латвия;2005;168
ИП «Петухова, Авдеев и Игнатов»;Ангола;2003;24
РАО «Крюкова, Герасимова и Павлов»;Дания;1980;635
АО «Корнилова Казаков»;Новая Зеландия;1903;277
ЗАО «Матвеева Савин»;Северная Македония;1971;312
Иванов Лимитед;Молдавия;1940;361
ЗАО «Поляков Одинцов»;Науру;1922;11
ИП «Тимофеева»;Папуа;1985;825
НПО «Кабанова, Белов и Журавлев»;Турция;1944;554
ОАО «Колобов»;Мальта;1996;938
ИП «Моисеева, Воронцов и Моисеев»;Грузия;1903;568
ОАО «Артемьева-Петров»;Лаос;1933;329
ОАО «Ситникова, Лазарева и Казаков»;Великобритания;2017;350
НПО «Туров, Князева и Зуева»;Афганистан;1942;695
ООО «Брагина-Кириллов»;Ирландия;1911;755
НПО «Никонов Кузнецова»;Иордания;1953;731
Сибур Холдинг;Индонезия;1949;914
ОАО «Воронцов-Гордеев»;Ливан;2012;725
ДНС Групп;Гамбия;1907;905
ИП «Родионов»;Сирия;1975;379
ИП «Матвеева, Степанов и Евсеева»;Перу;1981;83
Силина Инкорпорэйтед;Израиль;1935;387
ЗАО «Кулагина»;Румыния;1985;709
ООО «Мухина, Цветкова и Дмитриев»;Ливия;1978;959
ОАО «Поляков, Коновалова и Мельникова»;Доминика;2001;360
Кордиант;Лаос;1966;622
РАО «Горбачева, Капустина и Дементьев»;Франция;1995;859
ЗАО «Меркушев-Якушев»;Армения;1966;937
РАО «Кулагин»;Бруней;1907;421
Субботина Лтд;Албания;1931;562
ИП «Петухов, Воробьева и Гусев»;Норвегия;1944;896
Князева Групп;Катар;1950;848
ИП «Блинова, Мухин и Носов»;Ливан;2018;250
РАО «Кулаков-Кириллова»;Сейшельские Острова;1979;146
АО «Федосеева-Горшков»;Тонга;1964;9
ОАО «Гусева, Зимина и Зыков»;Литва;2005;928
Семенов Лимитед;Белоруссия;1904;111
ОАО «Авдеев-Марков»;Чехия;1980;586
РАО «Поляков»;Эсватини;2005;944
АФК Система;Киргизия;2016;454
Рябов Инкорпорэйтед;Белоруссия;2001;616
ООО «Михайлова-Селезнев»;Грузия;1983;816
АО «Михайлов»;Нигерия;1940;426
Калашников Инк;Узбекистан;1927;732
Несте Санкт-Петербург (Neste);Лесото;2004;235
РАО «Орлов»;Молдавия;1964;898
Транспортная группа FESCO;Монако;1962;494
ООО «Авдеев-Соболев»;Ирак;2004;388
РАО «Ильин Маркова»;Фиджи;2004;957
АО «Антонов, Никифорова и Фомин»;Никарагуа;1918;356
Данилов Лимитед;Словения;1962;757
Нефтьмагистраль;Судан;1986;389
ИП «Наумов Якушев»;Малайзия;2001;432
ООО «Буров-Ковалева»;Индия;1913;741
Брок-Инвест-Сервис и К;Гаити;1944;544
Савельев Групп;Коморы;1926;290
Овчинников Инкорпорэйтед;Ливан;1955;721
ИП «Дорофеева, Красильников и Сазонова»;Азербайджан;1905;445
Сергеев Инкорпорэйтед;Новая Зеландия;1940;374
АО «Баранов-Нестерова»;Оман;2010;323
НПО «Анисимов»;Гватемала;1942;297
РАО «Матвеева»;Бельгия;1969;127
ИП «Гусев»;Германия;1972;491
ИП «Петухов»;Сейшельские Острова;1977;175
Втормет;Кипр;1974;397
АО «Константинова Федотова»;Катар;1922;791
Антонов Инкорпорэйтед;Малави;1965;907
Самсонов Групп;Лаос;1942;852
ОАО «Ефимова-Шубин»;Мексика;1905;123
Рогов Лимитед;Эстония;1966;324
Фармкомплект;Китай;1933;543
ООО «Воронцов»;Армения;1943;888
РАО «Королева, Соловьева и Козлова»;Коморы;2015;37
ЗАО «Попова, Воронова и Воронцова»;Австралия;1973;400
ОАО «Сафонова-Лазарева»;Тувалу;1999;724
ООО «Силин Соболева»;Болгария;1990;961
ООО «Беспалова, Овчинникова и Сорокина»;Тонга;1983;33
АО «Лихачева, Захаров и Нестерова»;Мавритания;1935;601
Группа Черкизово;Малайзия;1958;472
ИП «Белоусов»;Нигерия;1955;777
РАО «Брагина»;Австрия;1971;187
НПО «Кошелев-Мясникова»;Бурунди;2017;430
ИП «Мамонтов, Панфилова и Гущина»;Турция;1916;139
ЗАО «Наумова, Бурова и Авдеева»;Республика Конго;1939;617
ОАО «Алексеев Карпова»;Гренада;2000;148
УГС;Нигер;1948;285
НПО «Сидорова Соловьев»;Мадагаскар;2005;345
ООО «Яковлева-Петров»;Япония;2006;827
ООО «Волков»;Соломоновы Острова;2012;130
ОАО «Зимина»;Хорватия;1908;271
РАО «Третьякова Николаева»;Индонезия;1984;974
ОАО «Миронов»;Мексика;1977;802
НПО «Силина-Шаров»;Кувейт;2019;84
ОАО «Королев-Исаева»;Перу;1921;941
ОАО «Стрелков, Некрасова и Лебедева»;Республика Конго;1968;523
Лебедева Инк;Коморы;1930;305
Кубанская нефтегазовая компания;Грузия;1962;801
ИП «Ларионов Медведев»;Южный Судан;1971;336
ИП «Галкина-Мясников»;Мексика;1933;971
НПО «Архипов Яковлева»;Исландия;1952;962
РАО «Власова, Селиверстов и Быков»;Северная Македония;1997;968
ИП «Савина»;Сербия;1943;885
НПО «Кондратьев-Осипов»;Чили;2001;87
Рыбакова Лтд;Польша;1942;464
Трансбункер;Танзания;1922;727
ООО «Мартынов, Лукина и Логинова»;Ливия;1934;425
Андреев Инкорпорэйтед;Испания;1975;563
ООО «Захарова, Нестерова и Панфилова»;Коста-Рика;1925;190
ОАО «Новиков»;Маврикий;1921;398
Авдеева Инк;Лихтенштейн;1967;537
ИП «Некрасова, Щукина и Голубева»;Болгария;1936;85
Мишина Групп;Бахрейн;1947;61
ЗАО «Борисова-Щукина»;Танзания;1915;197
АО «Зимина Александров»;Сомали;1984;116
Первый завод;Бангладеш;2004;390
ООО «Шилова-Дмитриева»;Гаити;1955;381
Дмитриева Групп;Хорватия;2018;508
Юг Руси;Демократическая Республика Конго;1909;295
Пестова Инкорпорэйтед;Самоа;1903;292
Поляков Инкорпорэйтед;Лихтенштейн;1953;120
РТИ;Италия;1918;493
Русэнергоресурс;Гвинея;2013;344
ОАО «Селиверстов Одинцова»;Гренада;2000;510
АО «Веселов, Крюков и Ковалева»;Сент-Китс и Невис;1965;412
НПО «Щербаков Мухин»;Мексика;1994;274
АО «Киселев, Колесников и Никитина»;Сан-Марино;1964;753
Горбунова Инкорпорэйтед;Иордания;1970;983
ООО «Игнатьева-Данилова»;Чили;1965;839
Roust;Казахстан;1902;43
АО «Терентьева-Уваров»;Босния и Герцеговина;1961;192
ИП «Титова Ильина»;Афганистан;1933;527
АО «Кулакова»;Франция;1954;519
Прохоров Лимитед;Дания;1962;156
Кабанова и партнеры;Литва;1932;254
ЗАО «Носова Котова»;Бразилия;1941;460
ИП «Зиновьев»;Канада;1969;797
ИП «Суханова»;Бенин;1992;830
ЗАО «Лаврентьева-Горбунов»;Чад;1988;676
АО «Шилова Копылов»;Канада;1980;637
Силин Инкорпорэйтед;Люксембург;1938;483
Гознак;Португалия;1987;846
ИП «Капустина, Кулакова и Котова»;Нигер;1920;669
АО «Савина, Исаева и Орлова»;Перу;1986;177
Куйбышевазот;Лихтенштейн;1981;592
РАО «Терентьева, Евсеева и Тимофеев»;Молдавия;2016;315
Никифорова Групп;Гамбия;1922;596
ИП «Горбачева Терентьева»;Джибути;2003;157
Снежная Королева;Барбадос;1909;28
Евсеев Лтд;ОАЭ;1925;91
НМЖК;Перу;1906;86
ЮниКредит Банк (UniCredit);Кирибати;1997;338
АО «Матвеева Кулагин»;Фиджи;1924;667
ОАО «Евдокимов-Белозеров»;Пакистан;1930;673
ООО «Сергеев»;Суринам;1980;998
ОАО «Жукова»;Джибути;1900;394
ЗАО «Крылова Антонова»;Руанда;2004;831
ООО «Королева Суворова»;Сан-Томе и Принсипи;2011;748
Дмитриева Групп;Мальта;1996;234
Бирюкова Групп;Демократическая Республика Конго;1929;320
СБСВ-Ключавто;Узбекистан;2006;218
СТД Петрович;Чад;1956;265
ООО «Евдокимов-Князев»;Нигер;1970;925
ООО «Ильина, Громова и Селиверстов»;Фиджи;1991;98
Самараэнерго;Словения;1983;245
ЗАО «Шашков-Комиссарова»;Иран;2014;244
ООО «Баранов Баранова»;Сан-Томе и Принсипи;2016;7
ЗАО «Королев»;Саудовская Аравия;1978;798
АО «Зыков»;Бутан;1911;252
Кононов и партнеры;Лаос;1905;794
ЗАО «Федорова, Гришина и Копылов»;Федеративные Штаты Микронезии;1966;393
Меркушев и партнеры;Камерун;1913;810
Гуляева Лтд;Туркмения;1982;921
ООО «Носов»;Бутан;1966;317
Капустина Групп;Германия;2011;92
АО «Попов Лобанов»;Центральноафриканская Республика;1935;386
ЗАО «Белоусова, Щукин и Жданова»;США;1959;580
ОАО «Михеева-Кононова»;Федеративные Штаты Микронезии;1947;45
ИП «Денисова-Ковалева»;Буркина-Фасо;1909;207
Игнатьева Групп;Сербия;1926;489
Голубев Инкорпорэйтед;Кипр;1994;618
Арктикгаз;Ирландия;1988;319
ОАО «Колесникова-Котов»;Тринидад и Тобаго;1916;287
НПО «Быкова»;Сент-Китс и Невис;1995;362
Лапин Инкорпорэйтед;Доминиканская Республика;1973;799
Денисова и партнеры;Люксембург;2013;738
ОАО «Пономарева, Яковлев и Устинова»;Бразилия;1967;63
ОАО «Никифорова»;Восточный Тимор;2004;103
Турова Групп;Сербия;2000;56
Арктикгаз;Хорватия;2010;466
НПО «Ефимов»;Гаити;1966;420
Колесников Лтд;Того;1916;159
ЗАО «Шашков Новиков»;Сейшельские Острова;1919;982
РАО «Ларионов, Николаева и Егорова»;Литва;1946;756
ОАО «Овчинников Красильников»;Бурунди;1903;434
ООО «Соболев»;Либерия;1915;728
РАО «Калинин-Агафонов»;Бенин;1997;666
Кошелев Групп;Гренада;1913;558
ОАО «Пахомов»;Австралия;1925;613
Миронов Инк;Северная Македония;1973;920
АО «Шаров, Зайцев и Савельева»;Центральноафриканская Республика;1956;881
ИП «Пестова»;Мозамбик;1946;965
АО «Силин Смирнова»;Ангола;1922;173
АО «Фокина-Евдокимова»;ЮАР;2000;750
ИП «Крылов, Беспалов и Мишина»;Зимбабве;2019;550
РАО «Игнатова, Ковалева и Семенов»;Малайзия;1976;49
НПО «Евсеева-Шилова»;Исландия;1927;226
НПО «Лихачева-Васильев»;Уганда;1995;504
ОАО «Лаврентьев, Кулагина и Белоусов»;Болгария;1943;630
АХ Степь;Сальвадор;1991;879
НПО «Шестакова, Дмитриев и Гришина»;Доминиканская Республика;1934;404
Николаев Лимитед;Бельгия;1904;76
АО «Костин-Михеев»;Нидерланды;1940;97
Матвеев Лимитед;Индонезия;1937;153
НПО «Захаров-Сафонов»;Демократическая Республика Конго;2019;212
ИП «Крылова»;Пакистан;2000;681
НПО «Фокин»;Сейшельские Острова;1916;385
ИП «Шарапова»;Швеция;1904;609
Nordgold;Мавритания;2011;981
НПО «Котов Сысоев»;Пакистан;1923;591
ООО «Алексеев»;Сент-Винсент и Гренадины;1909;303
Группа Стройтрансгаз;Монако;2006;631
ЗАО «Петухов-Ершова»;Доминиканская Республика;1917;712
АО «Гуляев-Беляев»;Пакистан;1940;903
Совкомфлот;Болгария;1996;808
Елисеев Инк;Австрия;1963;747
ООО «Зайцев Федорова»;Кабо-Верде;1907;932
Рожков Инк;Гвинея-Бисау;1904;490
ООО «Виноградов»;Никарагуа;1990;228
Eurasia Drilling Company;ОАЭ;2002;706
СБСВ-Ключавто;Словакия;1904;765
Русснефть;Северная Македония;1951;268
ПСК;Канада;1916;693
ИП «Гришин»;Сьерра-Леоне;1976;181
ИП «Зайцев-Михайлов»;Кувейт;1958;589
ИП «Поляков, Калашникова и Баранов»;Сомали;1961;194
ООО «Пестов Алексеева»;Афганистан;1959;147
Кудрявцева Инк;Бруней;1985;608
РАО «Комиссарова»;Новая Зеландия;1987;58
Артис-Агро Экспорт;Эстония;1924;288
ООО «Козлов-Горбунова»;Республика Корея;1970;772
АО «Логинов»;Багамские Острова;1947;422
ООО «Макарова Дементьев»;Казахстан;1974;370
РАО «Романов Вишняков»;Индия;1964;118
Метрострой;Того;2010;644
РАО «Попова Овчинникова»;Андорра;1988;814
Пономарева Групп;ОАЭ;1940;593
ЗАО «Гурьев»;Узбекистан;2002;376
НПО «Гущин-Денисова»;Гайана;1983;210
Дементьева Инкорпорэйтед;Исландия;2008;715
ООО «Федотов»;Андорра;1993;509
ООО «Мишин»;Оман;2013;476
РАО «Галкин»;Венесуэла;1996;720
ОАО «Герасимов Афанасьев»;Китай;1930;840
ОАО «Щукина-Галкина»;Непал;2015;947
АльфаСтрахование;Шри-Ланка;2013;602
Корпорация Тактическое ракетное вооружение;Филиппины;2004;208
РАО «Карпов»;Израиль;1984;161
ЗАО «Фокин, Игнатов и Титова»;Малайзия;1994;505
РАО «Титов, Гордеев и Брагина»;Маврикий;1992;744
Технологии машиностроения (Техмаш);США;1923;889
ЗАО «Овчинников»;ЮАР;1919;337
ОАО «Семенова, Матвеева и Ларионова»;Эстония;2010;31
Копылова и партнеры;Хорватия;1986;766
АО «Уваров Кулагин»;Саудовская Аравия;1967;158
РАО «Овчинников Федотов»;Грузия;1927;564
ООО «Евдокимова»;Центральноафриканская Республика;2009;641
АО «Якушева»;Люксембург;1993;671
ИП «Горбачев, Лебедева и Федоров»;Венесуэла;1971;966
Шилова Инкорпорэйтед;Гана;1963;279
АО «Копылов Зимин»;Андорра;1944;62
АО «Анисимов»;Ливия;1981;81
ОАО «Субботин»;Ботсвана;1984;828
Бобылева Групп;Белиз;1995;887
Мишлен (Michelin);Мальта;1972;229
ООО «Рожкова-Субботина»;Сирия;1967;723
ОАО «Медведев, Потапов и Кириллова»;Бенин;1945;796
Юг Руси;Северная Македония;1965;656
ОАО «Князева Кулагина»;Египет;1984;143
ИП «Рожков Виноградова»;Катар;1958;215
Макаров и партнеры;Чад;2004;180
Северсталь;Грузия;1964;619
ЗАО «Александров Куликов»;Франция;1912;549
АО «Шарапова, Воробьева и Воронцов»;Панама;2017;326
РАО «Артемьева-Пахомова»;Босния и Герцеговина;1962;811
Колобов Лимитед;Катар;1940;481
Сиско Солюшенз (Cisco);Ямайка;1926;496
ЗАО «Титов-Шарапова»;Малави;2012;108
Капустин Групп;Кабо-Верде;1909;144
Субботина и партнеры;Туркмения;1911;419
ИП «Антонов, Мартынова и Никонова»;Колумбия;1919;949
ИП «Максимов, Титов и Ершов»;Гайана;1991;629
ОАО «Панова Петров»;США;1991;931
ИП «Хохлова-Ковалева»;Замбия;1981;692
ОАО «Воронцов-Лебедева»;Сербия;1909;795
НПО «Медведева, Титов и Комиссарова»;Сент-Винсент и Гренадины;1990;869
НПО «Лыткина, Горбачева и Борисова»;Вьетнам;2001;316
НПО «Анисимова, Селиверстова и Лапин»;Папуа;1913;841
ООО «Егоров, Зуева и Селиверстова»;Алжир;1996;100
Белова Групп;Барбадос;1912;627
Главное управление обустройства войск (ГУОВ);Мали;1964;184
ООО «Смирнова-Степанова»;Габон;1971;18
Щербакова Лтд;Новая Зеландия;1913;954
ЗАО «Гаврилов»;Бруней;1962;929
Компания Луис Дрейфус Восток (Louis Dreyfus);Кувейт;1928;559
АО «Колесников»;Финляндия;1956;843
Ларионова Инкорпорэйтед;Белоруссия;2016;556
Сибирская горно-металлургическая компания;Гана;1929;68
РАО «Мясников-Кудрявцев»;Нигерия;1943;330
Арконик СМЗ;Сальвадор;1907;837
Группа Магнезит;Кения;1978;642
Лыткина и партнеры;Ботсвана;1934;883
ЗАО «Моисеев Гаврилова»;Экваториальная Гвинея;1977;792
Беляева Лтд;Индонезия;1970;298
ОАО «Яковлева-Беспалов»;Гаити;2009;739
РАО «Шашков, Андреев и Колесников»;Бангладеш;1951;703
ЗАО «Лаврентьева Куликов»;Уганда;1915;378
Скания-Русь (Scania);Афганистан;1945;270
ИП «Щербаков»;Самоа;2013;408
РАО «Блинова Тарасова»;Тувалу;1970;701
ЗАО «Лукин, Семенова и Козлова»;Новая Зеландия;1972;570
НПО «Зимина, Федосеев и Беляева»;Фиджи;1916;278
ООО «Тарасова Филатов»;Люксембург;1924;409
НПО «Куликов»;Израиль;1933;375
Хохлов Инкорпорэйтед;Панама;1999;410
ЗАО «Носкова Матвеев»;Малави;2005;557
Костина Лимитед;Туркмения;1928;778
ООО «Гущин, Соколов и Калашникова»;Австрия;1931;211
РАО «Назарова»;Эфиопия;1916;652
ИП «Зыкова»;Хорватия;1923;969
ООО «Прохоров Кондратьева»;Кот-д’Ивуар;1937;769
Куликова Лимитед;Нигер;1973;51
ООО «Харитонов»;Казахстан;2019;545
ОАО «Устинова-Филатова»;Украина;1973;191
РАО «Белов-Петухов»;Сьерра-Леоне;1997;610
ООО «Романова»;Монако;1904;149
ОАО «Андреев-Михайлова»;Восточный Тимор;2008;919
ЗАО «Комиссарова Дроздов»;Мадагаскар;2016;352
НПО «Одинцова, Лапина и Медведев»;Грузия;1993;382
ИП «Дорофеева»;Оман;1929;36
Кононова Лимитед;Мьянма;1978;597
ОАО «Борисов, Захарова и Муравьев»;Латвия;1905;815
НПО «Волков, Белозерова и Быков»;Мозамбик;1950;964
ИП «Шилова»;Нидерланды;2010;560
Еврохим;Мавритания;1918;468
ЗАО «Кулаков, Ширяев и Фадеев»;Чад;1931;25
НПО «Ефремов»;Марокко;1928;515
ВО ЖДТ России;Малави;1926;431
АО «Шилов»;Кения;1999;711
Шашкова Инк;Сент-Китс и Невис;1998;663
ООО «Симонова Носов»;Исландия;1912;451
Компания Адамас;Гамбия;2011;566
РАО «Куликов Кулакова»;Грузия;1908;71
Елисеева и партнеры;Папуа;1933;365
ИП «Власов»;Сомали;1995;266
ОАО «Ермакова, Анисимов и Кудряшова»;Дания;1982;484
ЗАО «Шубин»;Канада;1941;359
ПКФ ДиПОС;Афганистан;1991;997
РАО «Баранова, Андреева и Мартынов»;Эстония;2001;661
Ашан (Auchan);Эстония;1985;391
Группа компаний МИЦ;Латвия;1935;694
РАО «Коновалов-Суворов»;Бельгия;1963;485
ОАО «Гаврилов»;Алжир;1960;939
РАО «Елисеева, Лукин и Данилов»;Непал;1961;717
ЗАО «Богданов Козлова»;Малайзия;1907;114
ИП «Павлова, Панов и Лебедев»;Белиз;1990;835
Рив Гош;Малайзия;1939;183
ООО «Прохорова, Большаков и Ситникова»;Эстония;1988;514
РАО «Зуева, Мартынов и Абрамов»;Демократическая Республика Конго;1914;507
Субботина Инк;Чили;1948;943
ЗАО «Горбачев, Антонова и Тетерин»;Саудовская Аравия;1952;50
ООО «Тарасов»;Мальдивы;1963;456
Субботина Групп;Монако;1934;309
РАО «Дьячков»;Болгария;1921;406
Фомичев Инк;Республика Конго;1963;69
ИП «Шестакова-Лапина»;Перу;1957;107
ОАО «Нестерова, Ситникова и Тимофеева»;Шри-Ланка;1995;660
Архипова Инкорпорэйтед;Антигуа и Барбуда;1910;773
РАО «Иванов-Селиверстова»;Багамские Острова;2016;436
НПО «Андреева Ермакова»;Тринидад и Тобаго;1931;992
ЗАО «Зуев»;Фиджи;1975;286
Нефтетранссервис;Антигуа и Барбуда;1960;972
ОАО «Зуева-Яковлева»;Сальвадор;2005;857
РАО «Сазонова Крылов»;Восточный Тимор;1989;908
Мираторг;Бразилия;1934;441
Комацу СНГ (Komatsu);Ливия;1945;355
Морозов и партнеры;Тувалу;1997;34
РАО «Александров, Кириллова и Рогов»;Республика Корея;1900;790
Нестерова и партнеры;Лаос;1957;689
РАО «Пономарева»;Саудовская Аравия;1929;480
ТД Интерторг;Люксембург;1994;842
АО «Анисимов, Емельянов и Матвеева»;Турция;1954;473
АО «Аксенова»;Венгрия;1926;253
НПО «Маслов-Туров»;Северная Македония;1995;367
НПО «Шубин»;Эритрея;2005;817
Ларионов и партнеры;Экваториальная Гвинея;2007;675
РАО «Комиссаров-Комиссарова»;Ливан;2014;916
АО «Тетерин-Ермакова»;Лаос;2016;199
ИП «Князева, Ситникова и Тихонов»;Сирия;1902;535
Емельянова Инк;Республика Конго;1960;565
Кириллова и партнеры;Иран;1906;470
ОАО «Горшков Авдеев»;Швейцария;1948;231
Фадеев Лимитед;Монголия;1907;513
ООО «Юдина, Наумов и Богданов»;Багамские Острова;1974;358
Семенова Лимитед;Сент-Винсент и Гренадины;1937;151
ЗАО «Бобров»;Доминика;2018;372
ЦЭНКИ;Куба;1909;331
НПО «Авдеева»;Венгрия;1992;863
РТИ;Швеция;2007;437
НПО «Жуков»;Грузия;1994;439
ИП «Суворова, Денисов и Агафонов»;Эфиопия;1950;548
Энергосбытовая компания Восток;Кения;1982;327
РАО «Логинов»;Монголия;1949;313
ООО «Лобанов Давыдова»;Чад;1932;296
ОАО «Зимин Зуева»;Гватемала;1961;807
ИП «Одинцова, Баранов и Нестеров»;Канада;2007;486
ИП «Пахомов»;Коста-Рика;1943;163
ЗАО «Сорокина-Трофимова»;Ирландия;1967;733
ЗАО «Лыткина Сергеева»;Республика Корея;1987;280
Баранов Групп;Мальдивы;1952;258
ООО «Дроздова, Евсеев и Ширяев»;Болгария;1920;737
ЗАО «Ковалев»;ЮАР;1918;418
Кулакова Лимитед;Сан-Томе и Принсипи;1990;771
НПО «Шарапов»;Узбекистан;1968;255
Протек;Румыния;1964;819
ОАО «Михайлова Дементьев»;Чехия;1977;169
Мерида;Туркмения;1942;664
Боброва Лтд;Лаос;2009;240
Андреев Лимитед;Латвия;1987;647
РАО «Воронцова»;Чад;1935;126
Горбачев и партнеры;Сомали;1939;259
ОАО «Устинова-Журавлева»;Монако;1905;986
Нижнекамскнефтехим;Испания;1916;202
АО «Семенов Жуков»;Киргизия;1901;615
Русакова Инкорпорэйтед;Уругвай;1990;976
ООО «Белова, Орлов и Беспалов»;Канада;1952;479
НПО «Моисеева Прохорова»;Замбия;1908;707
Ермаков Инкорпорэйтед;Словения;1947;763
Меркушева Групп;Демократическая Республика Конго;2008;142
ЗАО «Маркова-Тетерин»;Лихтенштейн;1973;873
Кулагин Лтд;Сент-Китс и Невис;2013;306
ОАО «Жданова Артемьев»;Пакистан;2007;752
ИП «Рыбаков Рябова»;Грузия;1948;488
ЗАО «Антонова-Андреев»;Джибути;2012;106
ЗАО «Жданов-Степанов»;Ботсвана;1935;13
Виноградов Групп;Словения;1955;606
Газпром;Канада;1936;160
АО «Суханова Анисимов»;Восточный Тимор;1910;59
Ферронордик машины (Ferronordic);Северная Македония;2006;818
ООО «Ефремова»;Кения;1915;487
Дьячков Инкорпорэйтед;Иран;1912;186
РАО «Уварова, Григорьев и Носов»;Казахстан;1902;65
ОАО «Карпова Лазарев»;Гватемала;2016;729
Трансойл;Намибия;1969;577
АО «Шарова-Журавлева»;Малави;1993;767
ИП «Щукина, Суворов и Шубин»;Алжир;1995;498
АО «Тихонов, Симонова и Лукина»;Ирак;1949;41
НПО «Евсеев»;Сомали;1928;23
Кононова Лтд;Украина;2010;649
НПО «Муравьев-Уварова»;Танзания;1942;232
Рябов Групп;Гренада;1920;800
ОАО «Корнилова»;Армения;1952;346
ИП «Баранова-Родионов»;Того;1956;698
Запсибгазпром;Китай;1948;475
РАО «Лапина-Авдеев»;Танзания;1991;899
Гордеева Лтд;Швейцария;1979;189
Абрамова и партнеры;Дания;1928;882
АО «Беспалова-Крылов»;Коста-Рика;1996;639
РАО «Молчанова, Филатов и Орехова»;Исландия;1982;275
Медведев Инк;Непал;1915;44
Яковлева Групп;Таджикистан;2018;220
ЗАО «Никитина Красильников»;Сирия;1928;906
АО «Зайцева-Орехова»;Таджикистан;1986;304
Зыков и партнеры;Бенин;1909;713
Русаков Лтд;Испания;1977;414
ОАО «Ларионов»;Суринам;1966;679
АО «Брагина»;Бельгия;1986;27
ГК 1520;США;1943;806
НПО «Данилов»;Италия;1977;478
НПО «Ларионов Русаков»;Аргентина;1941;874
РАО «Шашков Никитин»;Туркмения;1952;371
АО «Шубина-Данилов»;Сомали;2016;115
ЗАО «Моисеев-Юдина»;Сомали;1960;781
ОАО «Михайлова»;Эсватини;1994;856
АО «Калинина Ефимов»;Гватемала;1971;264
АО «Калашников-Трофимова»;Мальдивы;2010;670
НПО «Харитонов»;Бурунди;1989;645
НПО «Александров»;Филиппины;1929;650
НПО «Юдина, Власова и Осипова»;Великобритания;1909;654
БМВ Русланд Трейдинг (BMW);Фиджи;2009;462
ЗАО «Трофимов Ковалева»;Бурунди;1951;784
Дон-Строй Инвест;Фиджи;1915;636
Коновалов и партнеры;Турция;1965;135
АФК Система;Кот-д’Ивуар;2005;176
Морозова Лимитед;Кабо-Верде;1970;598
НПО «Шилов, Новикова и Игнатов»;Гвинея-Бисау;2010;895
ООО «Самсонов Уваров»;Тринидад и Тобаго;1998;659
НПО «Козлов, Филатова и Сазонова»;Мьянма;1962;465
ОАО «Крюков, Лихачева и Петров»;Андорра;1986;532
ИП «Ситников, Якушев и Полякова»;Болгария;1956;40
РАО «Дьячкова Сысоев»;Ирак;1935;746
ОАО «Одинцова»;Малави;2014;967
ООО «Русаков»;Бруней;1956;5
ПК Балтика (Carlsbergfondet);Восточный Тимор;1929;876
ЗАО «Лукин Власова»;Иордания;1983;117
Бобров Лимитед;Турция;1973;657
НПО «Логинов-Кулакова»;Исландия;1954;384
НПО «Гурьева»;Швейцария;1910;48
ИП «Сазонова-Беспалова»;Эсватини;1978;66
НПО «Тетерин, Суворова и Панов»;Монако;2007;273
РАО «Сазонова Бирюков»;Черногория;1983;690
Дроздова и партнеры;Дания;2005;758
АО «Баранова Горбачев»;Мьянма;2012;626
ОАО «Фокина, Горбунов и Соболева»;Монголия;1998;57
ОАО «Николаев Васильев»;Болгария;2003;26
РАО «Журавлева-Громова»;Либерия;1973;12
ОАО «Потапов Сафонова»;Словакия;1956;29
Ашинский металлургический завод;Норвегия;1916;55
РАО «Орехов»;Гайана;1963;682
НПО «Сазонова»;Сент-Винсент и Гренадины;1939;137
Савин Инк;Таджикистан;1995;988
Шарапова Инк;Эсватини;1943;113
ИП «Дмитриева-Жукова»;Турция;1991;302
РАО «Щербакова Голубев»;Белоруссия;1957;582
ООО «Быков»;Кабо-Верде;1998;994
Зуева Лимитед;Норвегия;2008;200
ИП «Казаков»;Гвинея-Бисау;1933;443
ЗАО «Колесникова»;Гаити;1920;243
НПО «Мясников Петухова»;Багамские Острова;1926;542
НПО «Мельников-Панфилов»;Швеция;1987;17
РАО «Кузнецов, Исаев и Семенов»;Боливия;2014;674
ИП «Сорокина, Денисова и Логинова»;Фиджи;1972;754
ЗАО «Турова Шашкова»;Куба;1931;995
АО «Колобова»;Монголия;1944;162
РАО «Лапина, Самойлов и Лазарева»;Зимбабве;1933;469
ЗАО «Беляев Бирюкова»;Азербайджан;1995;826
ООО «Сидоров, Зыков и Воронов»;Венесуэла;1903;625
ОАО «Евсеев»;Джибути;1993;459
ТК Шлюмберже (Schlumberger);Мьянма;2015;571
НПО «Пестов, Никитин и Алексеев»;Тонга;1910;708
НПО «Иванов Богданова»;Камерун;1914;683
САМ-МБ;Канада;2006;284
НПФ Газфонд пенсионные накопления;Эритрея;1998;70
НПО «Кудряшов Назаров»;Гвинея;1943;604
АО «Давыдова-Цветков»;Науру;2015;951
Ефимов и партнеры;Нидерланды;1920;269
Газпром;Малави;1968;718
ЗАО «Калинина»;Сенегал;1952;182
НПО «Трофимов»;Мальта;1913;861
ЗАО «Лапин Панфилов»;Армения;1958;634
ЗАО «Агафонов»;Кирибати;1951;449
ИП «Кириллова Копылова»;Сирия;1976;128
Авторусь;Канада;1901;528
НПО «Пономарева»;Мозамбик;2010;402
ОАО «Муравьев»;Сенегал;1987;897
РАО «Ермакова-Орлова»;Лаос;1914;450
НПО «Ларионов»;Южный Судан;1906;786
РАО «Егоров Елисеев»;Сербия;1996;561
ООО «Шубин Агафонова»;Гондурас;1993;958
Якобс Дау Эгбертс Рус (Jacobs Douwe Egberts);Латвия;1941;980
ООО «Петухов, Смирнов и Сазонова»;Сенегал;1948;413
РАО «Артемьева, Гусев и Андреева»;Швеция;1943;125
ООО «Мамонтова Дроздов»;Центральноафриканская Республика;1987;584
РАО «Одинцов-Ситникова»;Ливан;1933;585
Комарова Инк;Монголия;1936;764
РАО «Копылов, Дорофеева и Гришин»;Белиз;1903;282
Транспортная группа FESCO;Ливан;1983;154
Хоум Кредит энд Финанс Банк (PPF);Турция;1992;403
ОАО «Копылов, Гаврилова и Волкова»;Кения;1940;803
ИП «Ларионова Смирнов»;Украина;1910;699
НПО «Ковалев, Фомичев и Комиссарова»;Кувейт;1945;599
Быков Инк;Экваториальная Гвинея;1937;94
ООО «Смирнов»;Румыния;1956;314
ЗАО «Овчинников-Трофимова»;Шри-Ланка;1979;823
НПО «Филатова, Гусев и Ефремова»;Южный Судан;2007;224
РАО «Пестова-Субботина»;Италия;1926;993
РАО «Силина Владимиров»;Киргизия;2001;132
ИП «Носова, Гуляев и Осипова»;Босния и Герцеговина;1979;583
ОАО «Виноградова, Селиверстов и Максимов»;Коста-Рика;1910;38
Титова Лимитед;Эквадор;1966;911
ИП «Владимиров-Рыбаков»;Ливан;2001;587
ТЭК СПБ;Панама;1993;247
ИП «Тетерина-Степанов»;Габон;1959;446
ООО «Тихонова Громова»;Греция;1949;697
НПО «Исакова»;Коста-Рика;1995;511
ЗАО «Коновалова»;Сейшельские Острова;2014;179
РАО «Гущина, Уварова и Вишнякова»;Тунис;1917;334
Беляева Лтд;Венгрия;2006;67
НПО «Пахомова-Вишнякова»;Уругвай;1990;351
ОАО «Ширяева-Михайлова»;Эстония;1951;788
ОАО «Куликов Дементьев»;Коста-Рика;1943;293
Башкирэнерго;Мадагаскар;1997;60
НПО «Ковалева»;Сейшельские Острова;1947;217
ИП «Нестерова, Русаков и Никонова»;Камерун;1997;745
НПО «Вишнякова»;Пакистан;2013;822
ООО «Третьяков Комарова»;Мальдивы;1946;39
НПО «Романов, Горшков и Щербаков»;Румыния;1905;870
ОАО «Пахомов Алексеева»;Исландия;1961;894
Ильин Лтд;Нигерия;1975;272
ФМСМ (PMI);Мексика;2015;452
ООО «Денисова Алексеева»;Бурунди;1956;227
Григорьев и партнеры;Нигерия;1999;854
ОАО «Орлов-Филиппов»;Колумбия;1950;457
Фадеева Групп;Израиль;1944;912
ЗАО «Миронова»;Словения;1940;283
ООО «Мясникова-Никифорова»;Антигуа и Барбуда;1927;909
ООО «Савельев-Евсеева»;Мальта;1910;299
ТГК-16;Северная Македония;1984;878
ООО «Назарова, Блинова и Костин»;Гондурас;1974;996
Авиакомпания Икар;Нигерия;1951;392
ЗАО «Жданов, Фомичева и Марков»;США;1995;333
НПО «Титов Боброва»;Финляндия;1982;150
ИП «Силина-Савельев»;Самоа;1993;347
АО «Федосеев-Осипов»;Вануату;1966;991
Арктикгаз;Гамбия;1908;343
Интернешнл Пейпер (International Paper);Руанда;2001;201
Белозерова Инкорпорэйтед;Швеция;2000;325
ЗАО «Тарасова, Кондратьев и Рыбакова»;Ирак;1931;6
РАО «Большакова-Герасимова»;Узбекистан;2009;318
РАО «Гущина-Герасимова»;Бангладеш;1981;121
ЭйчПи Инк (HP Inc.);Джибути;1968;281
Дмитриева Лимитед;Центральноафриканская Республика;1951;237
АО «Калашников»;Сент-Китс и Невис;1901;684
РАО «Рогова, Моисеев и Сафонов»;Сальвадор;2002;579
Автотор холдинг;Япония;1993;999
Авторусь;Непал;1911;339
ЗАО «Брагин, Молчанов и Шубин»;Белиз;1991;503
ЗАО «Волков, Куликова и Рожкова»;Монголия;1923;990
НПО «Вишняков, Архипова и Шубин»;ЮАР;2019;915
ЗАО «Белова Русакова»;Таиланд;1965;581
Группа Ренессанс Страхование;Сент-Люсия;1905;578
Селезнев и партнеры;Словения;2007;238
ООО «Карпова»;Франция;1970;119
РАО «Шестакова Трофимов»;Чили;2000;785
ИП «Крылова-Дроздов»;Мальдивы;1965;529
Фролова Лтд;Мадагаскар;1968;948
НПО «Павлов, Воронцов и Васильев»;Бруней;1934;417
АО «Шашков, Фадеева и Петрова»;Ботсвана;1979;46
МТС-банк;Чили;1913;624
