name;address;number_of_floors;number_of_shops
Налоговый;д. Яхрома пер. Нижний д. 317 стр. 88 962853;15;210
Сынок;к. Ямбург пр. Олега Кошевого д. 64 772238;14;182
Мгновение;д. Тихорецк ш. Полевое д. 57 к. 33 155424;19;247
Господь;с. Тосно наб. Средняя д. 9/1 стр. 72 277501;2;28
Радость;с. Токсово пер. Октябрьский д. 87 стр. 347 444706;1;20
Инфекция;ст. Шенкурск бул. Огородный д. 6/7 стр. 8/7 786911;10;110
Порт;д. Горно-Алтайск наб. Социалистическая д. 101 к. 62 956883;19;380
Сбросить;к. Шали алл. Нефтяников д. 8/2 к. 704 845881;2;30
Лапа;п. Петрозаводск алл. Слободская д. 98 к. 3 232671;13;234
Славный;п. Гремячинск (Перм.) ул. Вокзальная д. 2 330918;2;40
Важный;д. Озеры алл. Пушкина д. 2 к. 555 327737;4;48
Товар;п. Алапаевск пер. Тукая д. 3 к. 9 067651;1;15
Равнодушный;ст. Апшеронск ш. Крылова д. 3 стр. 7 588569;12;180
Направо;г. Балтийск наб. Белинского д. 9/7 415743;9;135
Жидкий;ст. Балашиха ул. Комарова д. 5/3 к. 6 573416;17;289
Другой;с. Котельнич алл. Прибрежная д. 4/1 к. 4/8 289649;4;80
Точно;д. Шенкурск пер. Фурманова д. 1/8 стр. 54 814119;7;77
Научить;г. Бологое алл. Котовского д. 497 741883;13;234
Роса;ст. Сортавала пр. Локомотивный д. 3 к. 316 361549;14;266
Совещание;ст. Руза ш. Волочаевское д. 638 стр. 178 464565;4;68
Сопровождаться;ст. Мостовской ул. Сплавная д. 60 683886;16;272
Лиловый;с. Уссурийск пер. Октябрьский д. 84 к. 12 534671;4;64
Что;г. Сыктывкар ш. Ленинградское д. 8/9 355689;1;17
Достоинство;ст. Мичуринск бул. Тракторный д. 86 705189;20;200
Монета;ст. Новая Игирма ул. Братская д. 30 стр. 8 756909;15;180
Салон;п. Старый Оскол наб. Крестьянская д. 522 стр. 245 707356;20;360
Страсть;п. Ульяновск ш. Революции д. 3 697851;15;195
Сынок;к. Магас ш. Пригородное д. 1/3 464251;16;272
Покидать;с. Усть-Кут наб. Металлистов д. 310 стр. 14 604714;4;40
Вскакивать;к. Апрелевка ул. Плеханова д. 1 стр. 7/9 545437;18;288
Коробка;п. Приозерск пер. Островского д. 61 к. 202 258542;18;234
Житель;п. Мостовской пр. Стадионный д. 1 стр. 9 092294;1;10
Социалистический;г. Кимры наб. Победы д. 74 403451;1;13
Бегать;клх Кулу ул. Достоевского д. 9/3 к. 3/7 082687;16;320
Налево;с. Великий Устюг ул. Попова д. 9 к. 5 319031;4;60
Бетонный;п. Анива ш. Луначарского д. 99 802295;1;15
Умолять;г. Внуково (метеост.) ул. Кольцова д. 988 стр. 1/4 574683;12;180
Угодный;клх Игнашино ш. Краснопартизанское д. 1 273602;2;22
Торопливый;г. Алексин пер. Карьерный д. 9 382545;3;60
Природа;г. Смирных алл. Короленко д. 9 941838;18;288
Выгнать;д. Тобольск наб. Каштановая д. 57 к. 77 765118;11;209
Скрытый;п. Нефтекамск ул. Веселая д. 1/5 к. 6 721952;9;90
О;п. Вилюйск пр. Красноярский д. 746 к. 494 962258;12;120
Ремень;п. Торжок пер. Льва Толстого д. 1 стр. 4/6 649401;1;10
Грудь;к. Муром пр. Почтовый д. 9 к. 5/7 063786;17;221
Налоговый;г. Тула ул. Проточная д. 53 к. 8 237597;17;289
Табак;ст. Сеймчан ш. Кузнецкое д. 608 стр. 5 040902;12;132
Тута;клх Таштагол бул. Карьерный д. 800 488135;9;153
Тревога;к. Ивдель наб. Малая д. 15 872768;1;16
Правильный;с. Ряжск ш. Партизанское д. 6/3 стр. 8 315871;8;88
Изредка;к. Бавлы бул. Гражданский д. 661 721472;19;266
Казнь;клх Советский пр. Кирпичный д. 13 стр. 8/3 721680;10;120
Применяться;клх Кашира ул. Мостовая д. 1 стр. 2 859596;1;17
Господь;д. Учалы наб. Дзержинского д. 92 к. 510 152753;2;38
Потрясти;ст. Елабуга алл. Строителей д. 1 стр. 9 522666;9;171
Монета;ст. Ямбург ул. Союзная д. 887 к. 81 942995;18;288
Триста;с. Углич ш. Союзное д. 565 152794;10;120
Неправда;с. Елабуга ш. Ветеранов д. 39 к. 6/6 277043;9;135
Порода;клх Саров (Морд.) пр. Профсоюзный д. 8 637514;5;70
Прошептать;с. Объячево алл. Кольцова д. 2/7 к. 6/8 972276;13;143
Инвалид;ст. Томск бул. Подлесный д. 9 стр. 8/9 285411;20;380
Актриса;г. Воркута ул. Маркса Карла д. 557 стр. 4/1 973599;17;272
Ход;с. Каменномостский пр. Машиностроителей д. 4/9 стр. 4 261160;15;225
Функция;ст. Слюдянка ш. Высоцкого д. 40 к. 1 548503;6;96
Соответствие;д. Городовиковск бул. Ленинградский д. 261 к. 625 750582;6;120
Изображать;с. Ессентуки наб. Кузнецкая д. 8 стр. 1 549037;8;120
Полюбить;с. Рязань наб. Микрорайон д. 7 к. 28 692748;2;40
Ручей;п. Черский наб. Культуры д. 368 438733;11;220
Падать;г. Братск ш. Большевистское д. 648 к. 6 358240;12;168
Посидеть;ст. Токсово пер. Торговый д. 79 800785;4;72
Радость;д. Кизилюрт алл. Депутатская д. 9 стр. 987 750628;7;112
Неожиданно;п. Зеленогорск (Ленин.) наб. Почтовая д. 804 стр. 3/5 232626;15;150
Песенка;п. Артем наб. Краснофлотская д. 5/4 к. 9 202651;6;114
Скрытый;п. Эльбрус пер. Герцена д. 220 к. 363 840989;6;60
Тесно;п. Ейск пер. Братский д. 5/1 стр. 867 557559;10;150
Лететь;клх Ардон бул. Социалистический д. 7/8 к. 8 002133;5;95
Упор;п. Волгоград пр. Совхозный д. 39 481241;16;160
Вариант;п. Орехово-Зуево ш. Зои Космодемьянской д. 583 к. 744 632911;15;180
Выбирать;к. Москва МГУ ш. Шевченко д. 6 к. 8/4 591711;4;64
Конструкция;к. Орск наб. Сурикова д. 74 к. 84 051636;18;288
Ребятишки;п. Сковородино алл. Запорожская д. 7 140297;10;100
Дрогнуть;к. Тында бул. Морской д. 1/8 524708;2;28
Вывести;к. Алдан пр. Высоковольтный д. 9/5 808489;11;220
Беспомощный;ст. Сочи ш. Ватутина д. 43 стр. 129 258019;17;187
Вздрагивать;к. Ачинск пер. Волочаевский д. 5 к. 3 948490;2;34
Налоговый;ст. Фатеж бул. Торговый д. 66 581333;4;76
О;к. Кинешма наб. Угольная д. 27 стр. 64 259502;11;132
Госпожа;клх Катайск алл. Королева д. 1/6 636351;18;252
Лиловый;ст. Каргополь ул. Лермонтова д. 776 к. 189 434996;12;120
Забирать;д. Ставрополь алл. Мирная д. 9 к. 6/1 571226;10;180
Багровый;с. Мураши бул. Краснопартизанский д. 894 стр. 7 003071;7;140
Нервно;п. Светлогорск (Калин.) бул. Халтурина д. 582 к. 158 051614;13;221
Избегать;к. Александровск-Сахалинский ул. Ключевая д. 670 761408;20;240
Потянуться;д. Верхний Баскунчак пр. Шоссейный д. 96 588765;5;65
Похороны;к. Агинское (Забайк.) наб. Кольцевая д. 631 561625;7;140
Появление;г. Владикавказ ул. Кооперативная д. 6/5 302317;10;100
Совещание;с. Белый Яр (Томск.) алл. Пархоменко д. 8 к. 6/2 265226;10;190
Бетонный;клх Вуктыл алл. Цветочная д. 9 стр. 17 102776;6;108
Роскошный;с. Иркутск ш. Островского д. 4/5 к. 3 884272;16;224
Роскошный;д. Вологда ул. Юности д. 3/9 к. 602 705949;3;60
Цель;к. Челябинск пр. 8 Марта д. 485 373714;4;44
Монета;с. Любань пер. Высоковольтный д. 8/8 к. 575 320071;17;340
Костер;клх Каменск-Шахтинский ш. Кузнецкое д. 690 стр. 5/9 242812;3;60
Ставить;с. Верхотурье пр. Коминтерна д. 5/1 870978;20;360
Привлекать;ст. Диксон пр. Поперечный д. 327 стр. 394 516901;18;324
Недостаток;клх Тимашевск бул. Российский д. 2/5 стр. 432 658013;13;234
Рабочий;с. Казань наб. Ленина д. 49 стр. 4/3 666918;1;16
Один;ст. Горячинск алл. Свободная д. 67 839660;6;120
Слать;п. Вязьма бул. Мелиораторов д. 2/5 к. 9 012567;7;98
Ныне;к. Йошкар-Ола наб. Высотная д. 692 к. 110 809875;10;120
Редактор;д. Адлер пр. Уральский д. 9 стр. 643 382245;1;19
Совещание;ст. Верхний Тагил наб. Карла Маркса д. 5/6 383223;14;168
Приходить;ст. Кош-Агач пр. Минина д. 2 к. 78 543657;15;225
Самостоятельно;ст. Артем бул. 60 лет СССР д. 1/5 стр. 9 685872;4;48
Солнце;г. Вологда алл. Островского д. 4 240316;15;165
Лиловый;клх Усть-Баргузин наб. Ангарская д. 46 к. 2 534151;20;280
Спичка;д. Пинега ул. Парижской Коммуны д. 51 806315;13;156
Достоинство;клх Уварово пер. Хвойный д. 54 192257;19;247
Сустав;к. Вытегра ш. Кедровое д. 865 787206;13;221
Чувство;с. Новочеркасск бул. Р.Люксембург д. 48 171368;4;76
Разводить;г. Пушкин бул. Степной д. 2 717771;9;99
Мгновение;г. Тырныауз пр. Славянский д. 8/7 886166;20;380
Покидать;к. Пенза ул. Механизаторов д. 3 к. 39 722666;18;342
Запретить;с. Оленегорск (Якут.) алл. Механизаторов д. 491 к. 4/5 498997;6;120
Поздравлять;ст. Радужный пер. Лесхозный д. 22 466289;7;70
Порода;с. Чебаркуль алл. Гастелло д. 1 373013;20;200
Налоговый;ст. Чермоз алл. Щетинкина д. 914 к. 2/1 028673;12;228
Зеленый;к. Ростов-на-Дону пр. Заозерный д. 1 к. 5/7 726324;5;75
Конференция;д. Шахты бул. Новоселов д. 7/5 058855;20;400
Запустить;п. Сургут (Хант.) ул. Суворова д. 3 стр. 14 467819;12;204
Проход;с. Смирных наб. Тельмана д. 9/8 стр. 9/7 656994;12;240
Заплакать;клх Ербогачен наб. Февральская д. 4 к. 4 823194;14;266
Команда;с. Поярково ш. Чкалова д. 996 стр. 2/3 751749;15;255
Растеряться;клх Красновишерск ул. Промышленная д. 5/3 стр. 22 614868;2;28
Космос;п. Звенигород бул. Новостройка д. 47 к. 91 772412;20;380
Покидать;ст. Эльбрус ул. Деповская д. 1 стр. 92 119429;18;306
Выдержать;клх Вилюйск пр. Коммунистический д. 698 стр. 495 179259;9;108
Подземный;ст. Асино наб. Громова д. 1 к. 96 881432;18;198
Отражение;ст. Миасс ул. Радищева д. 4 стр. 952 862639;12;192
Поймать;с. Елабуга алл. Свободная д. 9/3 к. 6/5 948474;4;60
Сынок;г. Яхрома ш. Ломоносова д. 8 стр. 25 150812;7;70
Выразить;клх Анадырь ул. Безымянная д. 708 к. 22 904494;5;55
Князь;д. Каспийск пр. З.Космодемьянской д. 6 129984;10;160
Изменение;п. Набережные Челны бул. Флотский д. 425 к. 797 624341;4;40
Академик;д. Снежногорск (Мурм.) наб. Красина д. 240 к. 9 810594;1;17
Роскошный;г. Воткинск бул. Владимирский д. 5 стр. 4 989437;17;204
Миллиард;клх Оренбург алл. Волгоградская д. 97 стр. 12 970330;6;102
Рот;с. Белгород пер. Кутузова д. 8/2 390222;5;95
Кпсс;г. Брянск ул. Рязанская д. 66 стр. 6/5 099228;6;108
Исполнять;к. Алексин бул. 9 Января д. 115 620151;8;80
Дыхание;п. Краснокамск пер. Карла Либкнехта д. 69 к. 3 703507;4;80
При;к. Бреды бул. Амурский д. 4/4 к. 90 190895;11;154
Протягивать;с. Йошкар-Ола бул. Ворошилова д. 2/7 к. 8 622446;11;209
Человечек;ст. Тымовское ул. Грибоедова д. 8/9 к. 262 053318;17;238
Спасть;г. Урюпинск пер. Железнодорожный д. 3/8 577843;10;170
Демократия;с. Соль-Илецк пр. Фестивальный д. 4 577631;13;130
Проход;д. Юрьевец (Иван.) наб. Майская д. 2/7 стр. 11 504895;8;152
Левый;с. Дно пр. Труда д. 587 618176;2;20
Задержать;с. Балашов наб. Ленская д. 3/3 стр. 9 821254;4;68
Изображать;д. Славгород ул. 50 лет Победы д. 630 стр. 341 276203;5;55
Видимо;к. Сосьва (Хант.) ш. Луначарского д. 407 стр. 1/9 864904;10;180
Новый;с. Красноярск ул. Ульянова д. 29 к. 404 202356;12;132
Естественный;г. Уфа алл. Привокзальная д. 478 к. 680 901272;20;400
Девка;д. Нижний Новгород ш. Прудное д. 2/2 527837;16;320
Валюта;д. Красновишерск пер. Жукова д. 26 к. 4/2 208606;14;238
Лететь;ст. Певек пр. Партизанский д. 46 к. 3/1 456172;18;234
Тесно;д. Холмск бул. Металлургов д. 9/7 стр. 60 373214;4;76
Сынок;с. Октябрьский (Башк.) ш. Бажова д. 75 к. 6/3 912687;9;162
Цепочка;д. Мценск пер. Механический д. 33 стр. 5 253690;18;342
Роса;с. Вытегра ш. Котовского д. 512 стр. 26 392640;20;360
Назначить;г. Усть-Джегута пер. Ульяновский д. 6 669964;7;77
Угодный;с. Тырныауз ул. Донская д. 7 346561;15;270
Пропадать;п. Лабинск ш. Стахановское д. 6 к. 6/7 644411;6;60
Вряд;к. Когалым пр. Революционный д. 3 к. 48 978696;12;180
Отражение;с. Сосьва (Хант.) алл. Олимпийская д. 9 216705;14;238
Мимо;клх Верхотурье пр. Одесский д. 6 стр. 19 503145;14;168
Тревога;д. Магнитогорск ш. Логовое д. 8/3 к. 68 120314;4;40
Вперед;с. Куртамыш ш. Циолковского д. 23 107182;20;380
Потрясти;д. Пышма бул. Главный д. 113 к. 549 719211;1;17
Сравнение;клх Северобайкальск ш. Журавлева д. 4 365526;5;65
Ребятишки;с. Ступино алл. Коммунаров д. 677 стр. 909 140218;11;176
Изредка;ст. Борзя бул. Карла Маркса д. 95 стр. 38 169569;17;221
Головка;к. Псков ш. Лермонтова д. 2/4 756452;16;256
Тюрьма;к. Калязин пр. Заозерный д. 88 к. 3 236726;15;210
Полностью;п. Октябрьское (Хант.) наб. Короленко д. 6 к. 6 196105;9;90
Покидать;г. Агата наб. Курганная д. 45 к. 24 919659;11;132
Задержать;п. Каневская ш. М.Горького д. 83 159058;10;100
Место;к. Гремячинск (Бурят.) пр. Иркутский д. 9 268692;2;26
Угроза;к. Ачинск бул. Энергетический д. 2 300834;15;285
Очередной;п. Краснотурьинск пер. Юности д. 7/5 426005;10;130
Отдел;ст. Шали пер. Р.Люксембург д. 47 к. 9/1 144695;19;380
Ложиться;к. Новгород Великий наб. Томская д. 37 074170;1;20
Народ;к. Когалым пр. Восточный д. 50 к. 4/9 617741;3;51
Роса;д. Тамбей пр. Зеленый д. 351 стр. 15 484621;7;140
Житель;к. Галич алл. Высотная д. 53 906836;17;187
Июнь;п. Ярославль пр. Шмидта д. 2 стр. 5 119941;17;204
Присесть;клх Ербогачен ул. Ударная д. 857 613838;11;143
А;с. Кропоткин (Краснод.) наб. Енисейская д. 9/5 к. 7/5 464392;6;66
Развитый;п. Игарка пр. Осипенко д. 8 263683;14;210
Падаль;г. Шатура пер. Крымский д. 468 к. 1/4 077636;1;18
Порог;д. Карабудахкент пр. Звездный д. 78 к. 5 219992;6;66
Назначить;г. Нязепетровск ш. Ореховое д. 8 к. 5/8 649419;5;60
Помолчать;д. Холмск пер. Целинный д. 84 236325;8;152
Порт;д. Голицыно пр. Дачный д. 60 стр. 120 130630;14;252
Механический;клх Калач алл. Путевая д. 5 107082;4;60
Отражение;д. Сорочинск наб. Энтузиастов д. 9/8 стр. 7 879966;10;200
Актриса;п. Стрежевой бул. Привольный д. 7 стр. 3/1 161468;13;260
Белье;г. Кущевская ш. Семашко д. 5/5 к. 2 210337;6;60
Пересечь;д. Губаха пр. Индустриальный д. 536 016964;8;128
Более;с. Кострома ул. Малая д. 2/1 449916;11;176
Багровый;г. Киров (Вятка) пр. Мичурина д. 5 370554;20;220
Растеряться;г. Морозовск пер. Нефтяников д. 6/6 к. 67 235355;1;10
Потрясти;с. Троицко-Печорск наб. Загородная д. 52 к. 6/5 265338;3;42
Решетка;с. Барнаул бул. Зои Космодемьянской д. 85 545160;18;288
Исследование;д. Галич пр. Л.Толстого д. 53 420424;9;108
Ботинок;д. Нижнекамск пр. Нахимова д. 579 к. 1 030113;15;240
Правление;г. Вологда ш. Попова д. 50 338278;3;45
Налево;клх Кашира ш. Покровское д. 172 к. 6 960073;10;200
Вскакивать;клх Тикси ш. Тимирязева д. 93 стр. 2/9 828986;13;156
Необычный;п. Тольятти пер. Омский д. 24 стр. 6/8 961016;11;121
Бабочка;к. Новороссийск пр. Мелиоративный д. 55 стр. 8/1 438718;20;300
Миф;д. Неплюевка пер. Магистральный д. 2/2 476137;15;180
Домашний;г. Верхоянск алл. Кузнечная д. 35 548620;14;252
Девка;п. Каргасок бул. Матросова д. 15 стр. 175 437356;6;60
Лапа;клх Буденновск ул. Пригородная д. 2 стр. 194 350491;4;72
Протягивать;клх Макушино ул. Заречная д. 2 к. 8 209216;12;156
Полюбить;с. Алагир ул. Стахановская д. 7 к. 90 954883;8;152
Устройство;клх Анива пер. Кедровый д. 2/4 стр. 67 233543;1;20
Радость;к. Азов (Рост.) ш. Таежное д. 47 186406;4;68
Вскинуть;г. Верхний Тагил пр. Фадеева д. 2/3 к. 339 394283;12;216
Коробка;клх Тюмень алл. Юности д. 5 к. 1/2 095876;8;152
Господь;клх Воркута алл. Воронежская д. 22 к. 10 712414;4;44
Мальчишка;с. Долинск ш. Островского д. 7/8 686599;7;119
Налоговый;п. Североуральск ш. Сенное д. 9/4 к. 1/5 673408;18;216
Слишком;д. Уварово пр. Серафимовича д. 613 к. 30 166944;14;196
Указанный;ст. Якутск бул. Чехова д. 6/9 517853;19;380
Даль;г. Кингисепп наб. Депутатская д. 7/4 к. 31 473891;7;133
Важный;с. Рубцовск ш. Клары Цеткин д. 82 051658;6;90
Горький;ст. Петушки бул. Отрадный д. 8 513246;19;380
Наткнуться;д. Саранск ул. Социалистическая д. 5/6 к. 6/2 808495;1;19
Июнь;к. Пушкинские Горы пер. Космодемьянской д. 8 737910;17;187
Встать;к. Семлячики ш. Ленинградское д. 25 к. 3 308419;12;216
Карман;п. Обнинск бул. Щербакова д. 720 к. 15 425088;19;228
Поколение;клх Усть-Илимск пер. Леваневского д. 93 605494;8;112
Материя;ст. Невьянск пер. Парижской Коммуны д. 9/7 к. 771 569072;20;300
Уронить;ст. Нарткала алл. Победа д. 3/5 261760;15;225
Некоторый;ст. Рыльск бул. Ульянова д. 2/4 стр. 88 674589;14;196
Роса;ст. Боровск ул. Сиреневая д. 682 к. 8 096539;15;165
Исполнять;ст. Арзамас наб. Геологическая д. 773 к. 445 318164;3;48
Освобождение;д. Туруханск бул. Титова д. 2 584282;18;198
Плавно;г. Александровск ш. Волкова д. 6/1 810241;8;128
Невыносимый;г. Арсеньев пер. Выгонный д. 285 865824;6;72
Господь;клх Нефтеюганск пер. Московский д. 567 к. 793 562402;8;144
Собеседник;п. Вязьма пер. Октябрьский д. 8/8 к. 79 646468;10;140
Затянуться;к. Тольятти алл. Полярная д. 3/2 217872;6;102
Протягивать;к. Качканар наб. Лазурная д. 353 стр. 12 034390;17;306
Инструкция;клх Канск бул. Сурикова д. 97 921527;6;72
Экзамен;с. Славянск-на-Кубани ул. Вольная д. 2 381501;9;126
Выражение;клх Наро-Фоминск ул. Нахимова д. 81 к. 6 126188;11;209
Тревога;к. Сальск бул. Овражный д. 4 146903;19;304
Разнообразный;клх Северодвинск бул. Смирнова д. 7 к. 6/4 425718;4;40
Штаб;п. Талдом ул. Мелиораторов д. 443 к. 711 542575;15;285
Команда;д. Кострома наб. Казачья д. 47 к. 914 893316;5;70
Вскинуть;д. Гдов наб. Подгорная д. 8 607141;11;187
Интернет;ст. Юрьевец (Иван.) бул. О.Кошевого д. 81 стр. 2/6 572840;19;361
Потянуться;к. Камышин ул. Молодежная д. 8 516526;14;140
Неожиданный;с. Ирбит пр. Ермака д. 41 601890;3;60
Промолчать;д. Арзамас ул. Макарова д. 9/6 к. 2 277668;12;180
Вытаскивать;д. Вуктыл пр. Суворова д. 8 к. 7 387153;14;238
Смеяться;п. Нижнеудинск пер. Московский д. 42 стр. 88 792286;8;120
Уничтожение;г. Грозный пр. Рязанский д. 39 715886;4;52
Полностью;п. Нижнеудинск ш. Раздольное д. 66 к. 130 850056;8;128
Возбуждение;к. Усть-Ишим бул. Выгонный д. 541 стр. 42 788718;12;228
Коробка;ст. Енисейск пр. Проточный д. 278 стр. 29 873505;2;28
Доставать;клх Шарья алл. 9 мая д. 6 072261;4;80
Торопливый;с. Нижнеудинск ул. Мусы Джалиля д. 2/7 788763;11;209
Тюрьма;с. Нязепетровск бул. Максима Горького д. 910 587318;6;114
Низкий;г. Ельня наб. Трудовая д. 807 к. 2/9 202168;13;260
Роса;ст. Кириши ш. Астраханское д. 9/2 стр. 20 321061;7;105
Упор;г. Соль-Илецк ул. Овражная д. 70 стр. 642 339262;6;90
Монета;к. Новый Уренгой пр. Камский д. 17 к. 985 639650;4;76
Уничтожение;к. Видное пр. Короленко д. 2/1 к. 49 764591;18;306
Ягода;с. Саров (Морд.) ш. Нагорное д. 17 067886;3;54
Тревога;клх Партизанск ш. Павлова д. 68 стр. 3 307437;3;51
Разнообразный;г. Нарым пр. Свободы д. 73 стр. 22 356286;19;380
Князь;д. Ейск наб. Сибирская д. 5/9 065947;1;16
Следовательно;ст. Белоярский ш. Иркутское д. 45 стр. 3/9 828835;8;144
Ответить;к. Артем ул. Рылеева д. 5/8 стр. 35 517539;11;110
Анализ;клх Наро-Фоминск алл. Саратовская д. 6/6 к. 874 410060;15;300
Еврейский;г. Таганрог пер. Молодежный д. 89 к. 5/4 460058;13;195
Пропаганда;п. Троицк (Моск.) алл. Интернациональная д. 89 стр. 6/2 122701;19;285
Эпоха;к. Иркутск бул. Степной д. 316 870116;19;285
Ход;г. Адлер ул. Санаторная д. 4 к. 7 983325;2;34
Решетка;клх Аргаяш алл. Щербакова д. 378 стр. 6 153823;5;50
Пол;клх Дербент бул. Краснофлотский д. 4/3 к. 1 242480;13;208
Демократия;г. Мелеуз алл. Крылова д. 367 к. 22 956180;11;121
Палка;д. Можайск ш. Запорожское д. 8 стр. 5 142753;18;324
Избегать;к. Меренга алл. Чапаева д. 8/9 к. 35 401156;10;140
Командующий;клх Верхоянск ш. Энергетическое д. 3/2 стр. 34 390509;14;280
Даль;г. Котлас пр. Вокзальный д. 45 116320;18;342
Ярко;д. Благовещенск (Амур.) ул. Ветеранов д. 508 стр. 734 384818;14;154
Умолять;г. Бологое наб. Красноармейская д. 653 270939;2;40
Мера;ст. Арсеньев алл. Льва Толстого д. 3 к. 1 198839;6;90
Лететь;к. Нарьян-Мар пер. 1 Мая д. 74 стр. 1/8 416338;5;75
Заработать;с. Тавда пер. Полтавский д. 9/3 295150;14;252
Прощение;ст. Медногорск бул. Челюскинцев д. 37 к. 631 632062;18;306
Пастух;п. Териберка ш. Энгельса д. 2/4 стр. 3/8 287592;1;10
Военный;клх Нягань бул. Хвойный д. 4 стр. 8/7 312809;18;324
Помолчать;д. Солнечногорск пр. Урицкого д. 9/4 к. 86 226157;4;52
Низкий;с. Россошь наб. Ставропольская д. 6 стр. 3 320459;9;180
Заведение;клх Нижнеудинск ул. Совхозная д. 30 стр. 9/6 922946;13;234
Другой;к. Сладково ш. Раздольное д. 31 к. 3 939903;4;40
Крыса;г. Избербаш алл. Авиационная д. 3 690818;8;80
Пропасть;с. Тырныауз бул. Щетинкина д. 3 стр. 75 537766;10;100
Добиться;клх Брянск бул. Терешковой д. 662 к. 5 314958;2;20
Уничтожение;г. Стерлитамак ул. Коммунистическая д. 45 694871;9;108
Поставить;п. Рославль пр. 50 лет Победы д. 62 стр. 189 940203;9;153
Коллектив;п. Новомосковск пер. Карбышева д. 8/8 к. 2/2 729040;15;210
Трубка;клх Бомнак бул. Выгонный д. 78 к. 859 719196;19;247
Расстегнуть;с. Пинега ул. Юности д. 227 стр. 82 034486;13;208
Иной;ст. Кедровый пер. Строителей д. 429 к. 70 092647;7;98
Правильный;ст. Кузнецк ш. Чапаева д. 1 к. 9/1 147056;9;117
Ответить;с. Середниково ш. Иркутское д. 44 стр. 7 044165;17;187
Очутиться;к. Новороссийка бул. Малый д. 586 728622;18;270
Казнь;к. Кяхта ш. Южное д. 6/2 стр. 5 399254;10;130
Одиннадцать;г. Медногорск пер. Рабочий д. 7 стр. 22 718160;17;289
Снимать;к. Тверь ул. Тенистая д. 16 281001;3;33
Инфекция;д. Киров (Вятка) пр. Димитрова д. 449 к. 995 062948;20;400
Подземный;ст. Калининград ул. Дорожников д. 48 к. 395 433360;11;176
Число;клх Лодейное Поле алл. Фурманова д. 9/5 к. 95 533861;19;190
Палец;д. Яшалта бул. Тенистый д. 151 к. 1/1 623512;19;342
Дорогой;клх Тверь алл. Космонавтов д. 4/2 346036;16;272
Господь;п. Кизел бул. Школьный д. 2 007421;20;360
Вообще;д. Адлер пер. Высоковольтный д. 99 485789;11;110
Некоторый;ст. Усть-Ишим пер. Химиков д. 5/2 612390;9;108
Дыхание;к. Макаров бул. Вахитова д. 175 254906;18;270
Художественный;г. Ступино наб. Светлая д. 79 649500;7;91
Написать;п. Карталы ш. Революционное д. 2/1 стр. 20 454574;6;72
Процесс;к. Аша ул. Элеваторная д. 222 стр. 9 423572;16;160
Покинуть;клх Амдерма бул. Азина д. 9/4 стр. 118 300319;15;300
Приятель;к. Серафимович пр. Черемушки д. 927 487838;4;72
Подробность;к. Тура ул. Колхозная д. 8/9 054066;11;132
Бегать;к. Озеры наб. Восьмого Марта д. 6/3 к. 5/8 771413;4;60
Упор;клх Курганинск ш. Никитина д. 83 к. 5/5 339947;15;225
Витрина;ст. Черусти бул. Ушакова д. 55 к. 2/9 778670;16;176
Счастье;д. Боровск алл. Советов д. 295 к. 2/8 455714;3;54
Один;д. Ишим алл. Высокая д. 403 к. 885 754108;5;95
Тута;к. Ставрополь алл. Фабричная д. 4/5 к. 87 923211;10;190
Грудь;ст. Лотошино пер. Пугачева д. 628 647166;3;45
Призыв;ст. Инта пр. Гвардейский д. 25 775872;4;56
Важный;клх Баксан ул. Озерная д. 95 стр. 7 631733;17;238
Процесс;д. Туруханск пр. Аэродромный д. 47 стр. 57 405731;10;190
Заложить;п. Красная Поляна алл. Промышленная д. 4/9 к. 8/7 369095;4;68
Труп;ст. Луховицы ул. Безымянная д. 5/6 стр. 3/8 617014;18;306
Еврейский;г. Нефедова ул. Целинная д. 2/2 791157;17;340
Выражаться;клх Тырныауз наб. Болотная д. 1/2 734139;11;220
Страсть;г. Карабудахкент бул. Байкальский д. 73 к. 5 726352;19;323
Угол;ст. Карпинск ш. Тюленина д. 64 стр. 824 199822;8;144
Кольцо;с. Сорочинск пер. Гайдара д. 112 182516;6;114
Возмутиться;д. Балтийск бул. Ярославский д. 39 к. 4/3 821252;16;208
Нервно;с. Гремячинск (Бурят.) бул. Магистральный д. 58 к. 6/3 830254;13;130
Мучительно;д. Сосьва (Хант.) алл. Кутузова д. 481 к. 27 332320;6;90
Изредка;п. Быково (метеост.) пр. Механизаторов д. 9/8 354933;19;361
Счастье;клх Новомосковск бул. Вишневый д. 4 849925;2;32
Потянуться;с. Элиста наб. Ленина д. 5 к. 677 226675;20;240
Кпсс;ст. Рязань наб. Макарова д. 98 680821;1;12
Выкинуть;клх Псебай бул. Славянский д. 2/6 к. 3/8 891069;12;216
Разуметься;г. Ачхой Мартан алл. Короткая д. 8 944707;1;17
Упор;с. Кяхта наб. Металлистов д. 311 стр. 1/7 373032;3;51
Наткнуться;ст. Ахтубинск пер. Пирогова д. 460 стр. 6/6 204715;6;120
Горький;п. Когалым пр. Советов д. 182 к. 7 670340;6;102
Полюбить;к. Грозный пер. Автомобилистов д. 11 843071;1;20
Зарплата;клх Игарка ш. Жуковского д. 103 стр. 6/1 335225;13;195
Тесно;с. Зеленогорск (Ленин.) бул. Морозова д. 1/3 к. 528 435929;1;14
Функция;клх Бронницы пр. Владимирский д. 8/2 к. 35 053610;4;44
Невыносимый;д. Россошь наб. Лесозаводская д. 1 к. 83 849463;17;170
Указанный;к. Сосьва (Хант.) пер. Черемушки д. 4/6 к. 4 737652;5;90
Дрогнуть;п. Павловский Посад бул. Владимирский д. 949 стр. 8/3 569027;12;156
Реклама;ст. Октябрьский (Башк.) пр. Красина д. 5 стр. 8 401015;4;60
Решение;к. Сочи пер. Леонова д. 43 405467;15;180
Крыса;к. Слюдянка бул. Гафури д. 6/7 стр. 9/7 275237;8;104
Свежий;клх Майкоп бул. Горького д. 4/1 к. 10 584115;2;28
Граница;д. Москва бул. Новый д. 6 стр. 539 013519;4;76
Успокоиться;д. Сковородино пер. Колхозный д. 504 к. 75 027425;2;26
Миф;клх Березники наб. Виноградная д. 61 стр. 264 697572;13;247
Поколение;п. Усмань алл. 9 мая д. 843 к. 716 036900;16;192
Головной;п. Нальчик алл. Вишневая д. 8/4 к. 605 199749;8;104
Зато;с. Казань ул. 8-е Марта д. 41 к. 6 410433;13;234
Чем;с. Братск алл. Производственная д. 38 к. 882 716763;18;342
Виднеться;к. Кабанск бул. Горького д. 477 стр. 67 325033;10;200
Заведение;п. Туапсе алл. Серафимовича д. 839 к. 26 345007;12;144
Ягода;к. Кострома бул. Комсомольский д. 86 стр. 913 702601;17;238
Адвокат;п. Усть-Камчатск алл. Беляева д. 8 стр. 9/1 523940;16;176
Скользить;с. Старая Русса пр. Тополиный д. 602 020331;20;300
Функция;г. Мезень пр. Алтайский д. 74 066508;20;360
Около;ст. Грозный наб. Жданова д. 3 к. 728 397546;19;247
Приходить;п. Урюпинск алл. Красина д. 23 стр. 528 346380;18;288
Тревога;ст. Приморско-Ахтарск наб. Болотная д. 2 стр. 9 568429;6;78
Полоска;ст. Кежма ш. Нижнее д. 8 034072;17;272
Угол;ст. Калевала пр. Толстого д. 646 326665;14;168
Блин;г. Ступино алл. Никитина д. 401 стр. 8 829243;16;272
Тесно;ст. Боровск наб. Минина д. 28 к. 9/9 141201;20;300
Адвокат;клх Старый Оскол ш. Некрасова д. 7 стр. 217 617983;16;288
Встать;д. Листвянка (Иркут.) пер. Горняцкий д. 8/1 118483;4;56
Некоторый;г. Льгов бул. Зои Космодемьянской д. 62 стр. 38 884505;20;220
Сохранять;д. Галич пер. Братский д. 91 стр. 92 817222;17;187
Волк;п. Гремячинск (Бурят.) ш. Нагорное д. 7 стр. 7 236661;11;187
Советовать;ст. Старая Русса ш. Вишневое д. 3/7 944774;15;165
Рот;д. Старый Оскол алл. Тургенева д. 84 к. 25 740777;1;16
Премьера;с. Моздок ш. Вокзальное д. 80 стр. 733 155228;13;260
Демократия;с. Данков алл. Байкальская д. 9/3 стр. 5 787606;4;76
Школьный;ст. Великие Луки пер. Беляева д. 4 стр. 301 871404;10;140
Горький;г. Ивдель наб. Циолковского д. 7 к. 6/4 146947;6;108
Ломать;с. Астрахань алл. Громова д. 165 стр. 5 509379;6;108
Прошептать;г. Курильск наб. Макарова д. 332 к. 464 266384;4;44
Ботинок;ст. Оленек пер. Васильковый д. 76 269105;4;44
Песня;к. Адлер пр. Тургенева д. 8 к. 134 910761;1;20
Бровь;с. Шилка пр. Совхозный д. 7 192301;3;54
Счастье;д. Любань пр. Жданова д. 2 стр. 4 547500;16;288
Зима;ст. Шали бул. Черемуховый д. 969 к. 5 059799;3;48
Неожиданно;г. Арсеньев пер. Базарный д. 2 к. 770 562734;9;126
Демократия;ст. Великий Устюг алл. Стахановская д. 2/5 к. 796 287179;9;153
Посвятить;с. Новгород Великий наб. Снежная д. 7 стр. 9 663868;19;228
Коллектив;клх Гаврилов-Ям пер. Красногвардейский д. 3/8 стр. 6/5 179498;6;102
Функция;с. Ревда (Сверд.) пр. 50 лет ВЛКСМ д. 1 765558;12;144
Танцевать;г. Мостовской ш. Сенное д. 516 стр. 3/8 236836;1;14
Идея;д. Сосьва (Хант.) бул. Макарова д. 7/6 стр. 58 226673;18;180
Отражение;ст. Брянск ш. Магистральное д. 50 стр. 4 922933;3;51
Пробовать;д. Шатки пр. Космический д. 419 919235;18;180
Академик;г. Медногорск бул. Большой д. 4 к. 2 988864;8;80
Одиннадцать;клх Мытищи пр. Ивановский д. 910 609769;5;85
Дружно;к. Ясный (Оренб.) наб. Азина д. 5 133271;15;255
Банда;к. Усинск ш. Крупской д. 66 к. 190 768422;9;135
Протягивать;п. Андреаполь пер. Ермака д. 8/3 116308;16;224
Бегать;п. Радужный наб. Смоленская д. 2/9 стр. 9 528894;3;30
Увеличиваться;п. Россошь ш. Краснопартизанское д. 679 стр. 6/2 299996;6;66
Отметить;г. Омск наб. Зеленая д. 2/2 824719;17;221
Кольцо;ст. Москва МГУ алл. Путевая д. 1/2 380254;13;195
Военный;к. Волхов пр. Маркса д. 53 250639;4;44
Термин;к. Оха ул. З.Космодемьянской д. 5/2 к. 1 732209;3;60
Новый;к. Усть-Ордынский ул. Макарова д. 9/4 к. 6/8 626392;12;228
Каюта;п. Темрюк пер. Новый д. 4 к. 268 121522;16;272
Академик;к. Воскресенск бул. Омский д. 29 стр. 8 294785;19;285
Бабочка;д. Белый Яр (Томск.) пр. Путейский д. 3/6 стр. 89 490881;15;165
Ведь;п. Петрозаводск бул. Жукова д. 7/1 к. 23 487405;3;33
Дружно;ст. Канск наб. Розы Люксембург д. 9 к. 655 187747;15;225
Применяться;клх Курганинск алл. Пугачева д. 520 к. 6 690080;10;100
Выраженный;п. Гдов алл. Заводская д. 2 103001;14;210
Невыносимый;г. Соболево наб. Щорса д. 655 747139;4;56
Лететь;клх Тында пер. Щербакова д. 85 159672;17;204
Кидать;к. Березники ш. Шмидта д. 10 к. 58 405581;10;140
Войти;п. Соль-Илецк ул. Сибирская д. 435 к. 245 820168;9;108
Художественный;клх Новый Уренгой ул. Свободная д. 3 к. 5/2 265952;2;30
О;г. Екатеринбург пер. Кольцевой д. 85 200601;8;152
Печатать;г. Уссурийск бул. Высокий д. 10 694479;8;144
Господь;к. Карабулак бул. Хвойный д. 191 стр. 979 776322;5;100
Голубчик;г. Азов (Рост.) алл. Правды д. 510 564392;9;153
Танцевать;п. Павловский Посад ул. Украинская д. 8/7 стр. 7 902345;12;144
Войти;д. Саранск бул. Коминтерна д. 40 к. 7/9 612262;11;165
Горький;д. Великие Луки ш. Зеленое д. 24 820039;4;48
Госпожа;г. Киренск бул. Горького д. 823 стр. 620 487630;4;40
Беспомощный;клх Надым пер. Морской д. 6/4 стр. 9/8 649929;11;132
Беспомощный;п. Печенга пр. Зои Космодемьянской д. 414 728785;4;72
Вообще;ст. Чусовой пер. Сибирский д. 95 759894;8;136
Космос;г. Тихорецк бул. Родниковый д. 9 стр. 3/8 477718;3;57
Одиннадцать;п. Поронайск алл. Заовражная д. 180 к. 111 865760;9;180
Сохранять;д. Ревда (Сверд.) бул. Шевченко д. 8/8 к. 8/7 912078;13;156
Расстегнуть;клх Гагарин пер. Новостройка д. 2 587254;17;187
Грудь;г. Ребриха ул. Семашко д. 836 678817;11;132
Покинуть;п. Нефтегорск (Самар.) пер. Станиславского д. 7 к. 7 307270;19;380
Вперед;д. Миллерово ул. Просторная д. 30 239284;8;144
Миф;с. Долинск пр. Степной д. 1/5 к. 783 369174;10;120
Пропадать;п. Санкт-Петербург ш. Набережное д. 60 стр. 392 811530;10;170
Механический;клх Белый Яр (Томск.) пр. Котовского д. 67 стр. 3/7 909601;15;225
Легко;с. Лабытнанги алл. Королева д. 9 к. 2 326586;7;133
Вперед;г. Усть-Баргузин ул. Химиков д. 91 стр. 76 093093;20;240
Ночь;клх Черский пер. Леонова д. 67 к. 9 299967;8;80
Вывести;клх Октябрьский (Башк.) наб. Энгельса д. 917 810764;17;272
Изображать;д. Вологда алл. Театральная д. 7/6 056897;9;135
Назначить;г. Усмань пер. Центральный д. 6 стр. 188 907094;2;32
Лететь;г. Шали ш. Королева д. 98 534510;15;180
Коробка;г. Пышма ш. Московское д. 5/7 стр. 432 609708;20;400
Полностью;к. Жиганск ул. Коммунаров д. 5/2 стр. 9 656776;17;323
Невыносимый;клх Долинск пер. Космодемьянской д. 91 к. 2/8 697459;5;100
Настать;д. Льгов алл. Транспортная д. 419 292812;4;72
Расстройство;клх Краснокамск ул. Литейная д. 9/9 к. 918 915866;7;84
Смелый;к. Урус-Мартан пер. Дзержинского д. 1/8 к. 9/4 352981;5;50
Пространство;к. Юровск бул. Бабушкина д. 9/2 391969;5;75
Армейский;п. Инта ш. Первомайское д. 63 стр. 63 089604;6;78
Ложиться;п. Вендинга пр. Камский д. 56 к. 600 760249;10;130
Тысяча;ст. Эльтон бул. Пожарского д. 4/1 272295;20;260
Беспомощный;д. Сальск наб. Средняя д. 5 368688;5;55
Исследование;к. Губаха ул. Гоголя д. 3/5 420254;9;99
Миг;д. Чусовой пер. Степана Разина д. 176 493571;18;216
Устройство;п. Энгельс пер. Клары Цеткин д. 98 к. 4/8 863789;17;187
Даль;п. Кяхта ул. Энгельса д. 4 608547;15;210
Процесс;г. Партизанск наб. Театральная д. 6 105089;13;234
Миф;п. Ахтубинск наб. Строительная д. 48 089331;8;136
Ботинок;г. Дивногорск наб. Красных Партизан д. 7/9 стр. 235 704347;14;238
Сустав;г. Луга наб. Троицкая д. 790 к. 75 939106;17;204
Встать;ст. Ребриха пр. Кузнецкий д. 1/5 к. 1 737280;5;100
Секунда;д. Беслан пер. Крылова д. 1/8 к. 3 715855;15;150
Эффект;к. Солнечногорск пер. Дружбы д. 5 стр. 1 839428;7;98
Сустав;г. Чебаркуль пер. Пирогова д. 2 450768;17;272
Инфекция;с. Томари наб. Песочная д. 7/4 стр. 4 021996;13;156
Возмутиться;ст. Березники алл. Бажова д. 581 819521;13;156
Демократия;д. Шахты ш. Лесозаводское д. 4 к. 6 776207;8;152
Бригада;к. Усмань ш. Победы д. 76 526520;4;40
Палата;п. Новый Уренгой пер. Рылеева д. 246 стр. 378 529844;10;180
Выражаться;с. Каспийск ул. Балтийская д. 9/7 стр. 7 827591;4;76
Девка;г. Жиганск алл. Карла Маркса д. 86 к. 851 370018;8;136
Нож;к. Усмань алл. Лунная д. 4 к. 58 738903;19;361
Вчера;клх Октябрьское (Хант.) наб. Тракторная д. 109 872331;3;60
Строительство;ст. Воскресенск ул. Сурикова д. 73 стр. 9/4 003754;18;180
Сомнительный;д. Сочи алл. Цветочная д. 448 стр. 9/8 473402;19;190
Труп;клх Котельнич пр. Дзержинского д. 6 980069;7;98
Заложить;д. Москва пр. Тракторный д. 41 552997;15;150
Выражение;д. Кировск (Мурм.) наб. Путевая д. 8 стр. 580 790348;16;320
Расстегнуть;г. Белокуриха бул. Литейный д. 3 160227;20;200
Порт;с. Егорьевск ш. Запрудное д. 4 127903;6;102
Совет;ст. Бийск бул. Васильковый д. 41 891524;18;234
Засунуть;к. Черемхово пр. Нахимова д. 97 к. 3/9 480174;3;33
Деловой;к. Анапа бул. 50 лет ВЛКСМ д. 8 стр. 96 789626;6;96
Собеседник;с. Сызрань пер. Рябиновый д. 45 856746;19;380
Секунда;п. Верхотурье пр. Почтовый д. 1/9 к. 16 393610;12;228
Роскошный;ст. Инта ш. Коммунаров д. 81 стр. 59 181127;14;154
Мгновение;д. Бронницы бул. Гагарина д. 6/3 стр. 882 979763;18;306
Появление;ст. Арзамас наб. Выгонная д. 7/3 к. 2 470601;4;76
Лететь;с. Беломорск ш. Деповское д. 4/1 435618;16;240
Разводить;г. Невьянск ш. Ветеранов д. 5/7 стр. 110 307727;11;132
Привлекать;к. Химки пер. Победы д. 4 стр. 561 490974;5;65
Рот;с. Сасово ш. Байкальское д. 4/5 стр. 807 944204;16;160
Июнь;ст. Азов (Рост.) пр. Линейный д. 699 064186;13;156
Выкинуть;с. Кущевская ш. Ягодное д. 165 649975;11;176
Возбуждение;д. Магас пр. Петровский д. 4/2 стр. 83 711874;9;108
Низкий;ст. Ступино пр. Путейский д. 9 стр. 3/8 716804;5;65
Спорт;клх Нефедова ш. Володарского д. 50 к. 407 008321;9;180
Означать;клх Челюскин наб. Привокзальная д. 3 стр. 983 236016;16;272
Пастух;клх Тихвин ул. Ленинская д. 6 к. 69 050529;1;14
Освобождение;клх Ульяновск пр. Кооперативный д. 785 313613;14;224
Банк;с. Домодедово бул. Войкова д. 6 стр. 1/3 845223;3;54
Единый;ст. Прохладный алл. Мая 1 д. 5/1 413169;3;42
Вариант;д. Солнечногорск пер. Станиславского д. 9 539062;1;12
Беспомощный;к. Прохладный ш. Калужское д. 36 898790;17;255
Торопливый;с. Жуковский наб. Мельничная д. 4 304284;8;96
Сутки;с. Киренск ш. Николаева д. 7 стр. 73 147526;7;140
Темнеть;д. Якша бул. Бригадный д. 44 стр. 77 163953;9;135
Ставить;п. Бреды бул. Южный д. 7 641623;13;260
Ручей;п. Сеймчан бул. Малый д. 899 к. 7/7 324884;17;255
Песенка;с. Тайшет пр. Пушкина д. 6 к. 93 067058;5;100
Отметить;с. Улан-Удэ бул. Суворова д. 7 856836;7;77
Пропадать;к. Семлячики алл. Сосновая д. 7 к. 177 739868;18;342
Освободить;с. Таштагол наб. Придорожная д. 73 270736;16;288
Рай;г. Оренбург наб. Приморская д. 2/7 043302;12;204
Приятель;с. Яхрома пр. Тельмана д. 8/4 к. 48 869336;8;96
Четыре;ст. Белоярский пер. 30 лет Победы д. 30 750801;16;224
Ход;п. Галич пер. Кузнецова д. 9/5 стр. 7 342821;1;18
Солнце;п. Анадырь пер. Абрикосовый д. 907 к. 7 051443;9;135
Ведь;г. Мураши пр. Свободный д. 565 710781;5;65
Плясать;с. Тулпан ш. Громова д. 72 106938;19;209
Секунда;к. Южноуральск пер. Флотский д. 2 623803;20;200
Угодный;п. Завьялиха бул. Большевистский д. 22 к. 78 640008;4;44
Магазин;клх Кижи пер. Красноармейский д. 3 стр. 778 295706;17;289
Покидать;г. Белый Яр (Томск.) ул. Аэродромная д. 86 стр. 9/9 011997;11;154
Факультет;г. Нефедова ш. Среднее д. 49 к. 3/9 872604;18;306
Правление;д. Снежинск наб. Октября д. 442 к. 791 524058;8;136
Банк;г. Зеленогорск (Ленин.) алл. Тополиная д. 5/3 к. 913 768110;12;228
Естественный;с. Кинешма наб. Кузнецова д. 6 025331;13;156
Сбросить;д. Уренгой ш. Привольное д. 9 469670;13;247
Тысяча;ст. Усинск наб. Солнечная д. 9/4 121404;3;36
Монета;клх Талдом пер. Халтурина д. 9/5 стр. 9/6 042832;4;76
Столетие;клх Алдан наб. Нагорная д. 985 стр. 207 844706;9;90
Коммунизм;г. Невельск алл. Проезжая д. 6 к. 544 376330;8;136
Роскошный;клх Мурманск ш. Фрунзе д. 480 к. 19 525893;17;187
Ботинок;клх Щелково ул. Механическая д. 5/7 к. 348 326250;5;75
Народ;п. Избербаш алл. Волочаевская д. 9/8 779491;8;112
Пропасть;д. Бугульма наб. Гайдара д. 9 640387;4;64
Помимо;г. Можга ул. Фестивальная д. 704 к. 5 744698;1;16
Еврейский;клх Вытегра ул. Юности д. 95 стр. 523 248816;7;112
Вряд;п. Бирск бул. Тамбовский д. 214 к. 3/1 816550;9;117
Тесно;с. Воркута пр. Есенина д. 8/2 к. 4/4 486218;5;60
Необычный;п. Надым пр. Трудовой д. 6/3 стр. 9 278314;6;66
Монета;с. Волоколамск наб. Набережная д. 249 к. 56 481197;6;84
Полностью;клх Мытищи алл. Шишкина д. 448 643903;6;108
Свежий;клх Горячий Ключ бул. Тепличный д. 8 к. 13 375687;5;90
Освобождение;г. Брянск пр. Жукова д. 50 стр. 53 669458;9;108
Поставить;д. Щельяюр пр. Донской д. 1 к. 7/8 653829;1;14
Демократия;п. Невьянск пер. Севастопольский д. 38 стр. 34 880457;1;17
Нажать;д. Нефедова пр. Проезжий д. 73 стр. 128 552578;18;198
Дремать;п. Псебай ш. Олимпийское д. 9 к. 23 797643;5;70
Столетие;к. Серов пр. Рязанский д. 7 к. 76 119220;18;216
Освободить;г. Всеволожск ул. Большевистская д. 1/5 стр. 183 809501;11;209
Военный;ст. Ряжск бул. Береговой д. 5/9 стр. 3 783534;11;209
Парень;д. Малоярославец бул. Революции д. 58 стр. 2/8 936665;16;208
Вряд;с. Карабулак наб. Покровская д. 77 стр. 97 063758;4;72
Трубка;д. Нижневартовск бул. Ясный д. 93 стр. 170 550317;13;208
Число;г. Бологое пер. Космодемьянской д. 647 к. 2 986939;15;255
Командование;клх Сеймчан алл. Песочная д. 3/8 к. 8/7 523448;12;192
Командир;клх Каневская бул. Амурский д. 3 стр. 7/8 328080;9;162
Правый;д. Приморско-Ахтарск наб. Толстого д. 63 стр. 7 657983;1;14
Поздравлять;клх Зеленоград бул. Уральский д. 1 к. 2/1 640966;10;110
Карман;ст. Инта алл. Ясная д. 407 к. 308 058803;9;153
Холодно;д. Шаховская алл. Белинского д. 281 764348;9;180
Вскакивать;ст. Белорецк ш. Тельмана д. 45 к. 3 687926;6;84
Невозможно;к. Малая Вишера пер. Клары Цеткин д. 13 к. 784 914492;13;208
Отметить;д. Усть-Джегута ш. Майское д. 71 стр. 1/7 325222;11;209
Понятный;клх Шилка ш. Крымское д. 53 стр. 354 094325;17;272
Анализ;ст. Пятигорск алл. Войкова д. 591 стр. 7/8 884107;2;22
Девка;г. Баксан пр. Куйбышева д. 3 958082;2;20
Магазин;с. Усолье Сибирское алл. Ермака д. 95 610931;1;17
Число;клх Быково (метеост.) алл. Дальневосточная д. 1 к. 3/8 766204;2;32
Обида;ст. Адлер ул. Кузнечная д. 227 стр. 6/5 799944;17;204
Термин;г. Братск бул. Хвойный д. 24 586051;14;168
Темнеть;г. Усть-Ишим бул. Мелиораторов д. 7/2 106420;4;56
Новый;д. Бомнак пр. Ворошилова д. 27 623010;18;324
Уронить;клх Шереметьево бул. Автомобилистов д. 8/5 к. 2 090251;10;160
Мелочь;д. Можайск ул. Нахимова д. 2 к. 2/9 748605;3;57
Магазин;с. Салехард алл. Подстанция д. 6 537803;8;136
Блин;с. Соболево ул. Невского д. 9 233826;1;19
Танцевать;д. Барнаул ул. Троицкая д. 2/4 888280;11;165
Господь;ст. Нязепетровск алл. Нахимова д. 8/5 к. 5/1 008729;12;216
Наслаждение;к. Пушкинские Горы алл. Монтажников д. 23 610935;18;252
Носок;клх Билибино бул. Новый д. 11 407444;10;120
Снимать;ст. Ирбит ул. Черноморская д. 380 стр. 4/1 579922;2;24
Нож;с. Новосибирск пер. Разина д. 3 003354;16;304
Увеличиваться;ст. Кузнецк ш. Безымянное д. 833 стр. 1 512626;19;342
Запретить;клх Приозерск пр. Троицкий д. 4 168516;10;100
Выражение;ст. Якутск ш. Брянское д. 8/7 к. 2/1 924929;8;136
Актриса;ст. Печора бул. Пригородный д. 6 007307;1;15
Полоска;ст. Туруханск бул. Краснопартизанский д. 8 487948;19;228
Изображать;ст. Калач-на-Дону пр. ДОС д. 67 стр. 6/1 948533;5;90
Бок;д. Новороссийка наб. 40 лет Октября д. 8 стр. 4 161037;15;225
Грустный;ст. Оленек ул. Производственная д. 87 085665;17;340
Решение;г. Белорецк пр. Щорса д. 930 991919;16;224
Ручей;клх Орск алл. Портовая д. 10 стр. 7/2 308448;18;288
Район;с. Тарко-Сале пр. Калинина д. 3 к. 426 222118;11;220
Торговля;д. Каргасок ул. Заречная д. 73 стр. 355 681965;10;100
Находить;г. Щельяюр алл. Цветочная д. 1 стр. 89 339330;13;195
Да;д. Новая Игирма бул. Технический д. 7/9 стр. 1/5 119863;4;52
Дрогнуть;г. Усть-Баргузин ш. Элеваторное д. 33 к. 4 480919;11;132
Ленинград;к. Павловский Посад пер. Алтайский д. 7/1 стр. 73 570114;14;140
Висеть;клх Каневская ш. Ленское д. 7 359847;7;112
Сомнительный;п. Ирбит ш. Чайковского д. 8 стр. 4 295253;15;240
Юный;с. Югорск бул. Флотский д. 86 стр. 63 897753;3;30
Выражение;клх Гремячинск (Бурят.) наб. Коминтерна д. 1 935103;9;180
Полюбить;клх Магнитогорск бул. Радищева д. 25 стр. 84 301039;2;20
Растеряться;клх Баксан бул. Ленина д. 4/3 стр. 50 803888;3;60
Прошептать;д. Шарья пер. Угольный д. 6/2 к. 6 490959;18;252
Мусор;п. Советский пр. Горького д. 19 к. 6 263711;16;240
Протягивать;д. Билибино бул. Нефтяников д. 4 стр. 9 518877;14;140
Отражение;клх Дербент пер. 60 лет Октября д. 69 103358;13;247
Освободить;п. Алексин пр. Проточный д. 6/6 к. 9/1 851739;17;306
Расстройство;п. Минусинск пр. Станиславского д. 75 к. 6/3 423417;8;104
Проход;д. Александров наб. Лесная д. 38 стр. 283 147390;12;228
Висеть;ст. Можайск алл. Пожарского д. 7/5 стр. 4 333087;7;119
Инфекция;с. Кемерово наб. Гражданская д. 11 стр. 8 940958;2;34
Приятель;клх Обнинск ш. Советов д. 5 стр. 84 451485;2;34
Лететь;г. Лагань пер. Рязанский д. 320 к. 5 803672;7;91
Потрясти;к. Новороссийка ул. Зеленая д. 544 104454;5;60
Растеряться;д. Нарткала бул. Волкова д. 8 807583;6;114
Постоянный;к. Можайск пер. Физкультурный д. 633 к. 9 681943;5;90
Порт;к. Соболево ш. Физкультурное д. 2/6 к. 7/5 697050;3;54
Новый;п. Билибино наб. Кольцова д. 3/5 991010;7;70
Художественный;клх Абакан алл. Черемуховая д. 1/9 491618;6;108
Дурацкий;к. Новокузнецк ш. Осипенко д. 4/6 стр. 3/4 087246;9;117
Изучить;г. Анива пр. Абрикосовый д. 6/8 стр. 2/7 094513;20;200
Миф;г. Чебаркуль ул. Владимирская д. 1/2 786668;18;270
Зеленый;п. Шахты наб. Ильича д. 53 641876;5;50
Покидать;г. Октябрьский (Башк.) алл. Кооперативная д. 673 к. 609 573072;7;119
Нервно;п. Муравленко алл. Мичурина д. 8 к. 2/5 964174;5;70
Дьявол;с. Терскол ул. Сибирская д. 69 777935;10;170
Сынок;к. Волгодонск бул. Бульварный д. 78 616787;2;20
Полюбить;д. Заводоуковск наб. Чапаева д. 883 стр. 14 014025;2;40
Низкий;д. Медногорск ул. Победа д. 94 к. 51 012979;13;143
Грудь;к. Канск пр. Высокий д. 45 к. 546 063790;4;40
Жидкий;с. Кировск (Мурм.) пр. Речной д. 3/8 стр. 38 879460;15;195
Командир;клх Томск бул. Минский д. 7 984104;18;252
Запустить;ст. Тура ш. Орловское д. 570 492874;12;132
Перебивать;к. Южноуральск ул. Механизаторов д. 8 к. 94 580375;13;208
Да;клх Череповец ш. Февральское д. 6/1 035488;19;266
Грудь;ст. Жигулевск пр. Виноградный д. 2/5 стр. 11 194358;15;180
Ставить;к. Саратов алл. Советской Армии д. 682 стр. 18 432574;1;15
При;с. Партизанск пер. Народный д. 74 к. 8/3 595610;15;255
Указанный;ст. Волхов ул. Пограничная д. 894 к. 17 419685;4;52
Уронить;клх Арзамас пр. Транспортный д. 8/1 стр. 13 681301;3;48
Мягкий;д. Шаховская ш. Красногвардейское д. 521 к. 390 659045;19;266
Перебивать;клх Шатки бул. Братский д. 7 стр. 84 595148;17;221
Сынок;с. Сеймчан алл. Брянская д. 7 034972;15;195
Заработать;д. Братск ш. Трудовое д. 7 стр. 3/8 022713;19;323
Постоянный;д. Котельнич бул. Юбилейный д. 3 стр. 1/9 563412;4;68
Возможно;клх Плесецк ш. Жданова д. 964 стр. 21 169814;8;152
Мера;с. Мелеуз бул. Юности д. 784 к. 620 058262;5;70
Премьера;п. Троицк (Моск.) пер. Дружба д. 4/9 к. 1 400296;12;168
Хлеб;п. Троицк (Челяб.) наб. Рылеева д. 224 стр. 84 746822;1;10
Деньги;к. Мончегорск наб. Чехова д. 2/6 988375;15;210
Функция;к. Тосно ул. Правды д. 7/5 к. 9 721016;14;182
Уничтожение;к. Джубга пер. Металлургов д. 525 853061;8;152
Плясать;ст. Партизанск ш. Ленское д. 330 269221;6;72
Холодно;д. Камень-на-Оби алл. Загородная д. 35 424675;9;126
Уточнить;к. Чайковский бул. Песочный д. 344 638810;13;195
Ставить;г. Иркутск алл. Заливная д. 84 стр. 449 844507;17;221
Миг;клх Инта пер. Воронежский д. 1 стр. 2/6 971292;16;160
Граница;д. Углегорск ш. Верхнее д. 3 стр. 52 251795;3;45
Угроза;п. Змеиногорск пр. Дальневосточный д. 51 стр. 9/3 445385;5;75
Неожиданно;к. Ижевск пер. Плеханова д. 7 722937;19;285
Через;клх Усть-Ордынский ш. Инженерное д. 3/4 к. 912 154458;12;192
Жестокий;п. Югорск бул. Бабушкина д. 6 081792;16;320
Падать;д. Каргасок ш. Рябиновое д. 37 к. 60 115046;15;165
Кольцо;г. Кропоткин (Краснод.) бул. Дорожный д. 4/8 917114;10;150
Госпожа;клх Сеймчан алл. Фадеева д. 126 459090;13;234
Миллиард;к. Дно пер. Николаева д. 950 стр. 54 323283;2;32
Правление;д. Асбест пр. ДОС д. 56 стр. 44 395670;8;120
Господь;ст. Урус-Мартан пер. Короткий д. 5/2 стр. 647 720988;11;110
Посвятить;д. Бузулук наб. Новгородская д. 23 стр. 5/8 365007;2;22
Ответить;с. Майкоп пер. Родниковый д. 3 стр. 553 737797;12;132
Песенка;клх Барнаул пер. Бабушкина д. 13 стр. 6 764197;10;190
Помолчать;клх Хасан наб. Виноградная д. 358 к. 27 610492;7;70
Носок;к. Королев ул. Рябиновая д. 2/7 к. 465 337582;16;256
Салон;с. Армавир алл. Ударная д. 833 стр. 217 172036;19;323
Плод;п. Нурлат пр. Коммунаров д. 935 527714;17;306
Прощение;г. Ведено ул. 9 Января д. 6 015367;20;340
Слать;клх Урюпинск бул. Гвардейский д. 70 стр. 186 400249;1;12
Бегать;д. Ноябрьск бул. Горького д. 2 стр. 932 388606;6;60
Способ;д. Джейрах пер. Тургенева д. 1/9 стр. 97 651695;7;126
Висеть;клх Долинск наб. Подстанция д. 509 281611;14;182
Промолчать;п. Екатеринбург пр. Новгородский д. 223 стр. 3 328797;18;180
Человечек;д. Апатиты ул. Гражданская д. 5/5 к. 3 937287;5;100
Расстройство;д. Семлячики наб. Революции д. 681 773458;11;121
Основание;д. Красноярск пер. Пионерский д. 102 240989;3;54
Полевой;д. Махачкала наб. Широкая д. 98 989513;3;60
Разводить;к. Петушки пер. Пограничный д. 685 стр. 50 540341;5;90
Палец;г. Соль-Илецк наб. Тульская д. 202 к. 83 438357;1;20
Девка;к. Воткинск алл. Таежная д. 5 269813;12;240
Инфекция;с. Петухово ш. Правды д. 6/6 к. 66 563510;14;266
Пятеро;ст. Беломорск бул. Юбилейный д. 5/9 к. 1/4 545405;9;153
Магазин;клх Валдай ш. Шаумяна д. 5/1 к. 15 183092;1;16
Вряд;д. Нарьян-Мар пр. Щорса д. 1/5 стр. 1 710880;7;98
Решетка;ст. Камень-на-Оби ул. Болотная д. 86 стр. 256 907660;10;120
Поколение;клх Неплюевка наб. Толстого д. 3/7 699271;15;240
Актриса;клх Зеленоград бул. Матросова д. 1/5 к. 885 146491;8;144
Слишком;п. Мценск бул. Березовый д. 9 стр. 7 709510;14;196
Мелочь;д. Тымовское алл. Ильича д. 775 134274;4;68
Очко;к. Ямбург пр. Высоковольтный д. 45 стр. 66 373945;13;156
Славный;клх Хабаровск пер. Томский д. 92 к. 4 370694;5;90
Художественный;п. Королев пер. ДОС д. 95 стр. 3 335421;3;36
Настать;д. Партизанск пр. Прохладный д. 75 261448;17;204
Сравнение;ст. Карпинск ул. Степная д. 79 842652;14;224
Социалистический;д. Щелково пр. Малиновый д. 8 стр. 8/2 545690;3;54
Отметить;с. Чебаркуль бул. Садовый д. 92 233061;2;36
Пастух;г. Выборг алл. Аэродромная д. 476 к. 772 068729;20;340
Приятель;ст. Анадырь пер. Лесозаводский д. 2/4 к. 11 001740;11;154
Набор;ст. Змеиногорск пр. М.Горького д. 33 936931;6;114
Серьезный;клх Курган бул. Социалистический д. 5/2 стр. 297 641798;19;304
Тысяча;ст. Краснокамск ул. Крайняя д. 122 к. 4 838289;16;224
Пятеро;г. Светлогорск (Калин.) наб. Озерная д. 6 к. 90 922653;20;280
Доставать;с. Белогорск (Амур.) алл. Высотная д. 8/1 стр. 4 545808;13;247
О;г. Можга наб. Советская д. 9/1 к. 996 238226;14;168
Вывести;д. Соль-Илецк бул. Островского д. 784 к. 87 585619;7;77
Механический;п. Лабинск бул. Короткий д. 2 стр. 3/8 655366;15;225
Радость;д. Пушкин ул. Дзержинского д. 386 к. 98 220735;11;154
Бабочка;клх Кыштым алл. Пожарского д. 50 к. 640 554969;10;130
Горький;с. Невельск ул. Ручейная д. 4 973243;10;200
Сравнение;с. Катайск ул. Терешковой д. 9/3 к. 833 027157;11;121
Правление;к. Данков пер. Моховой д. 350 стр. 8 385016;9;90
Выгнать;клх Соликамск пер. Инженерный д. 9 стр. 8/9 705823;17;204
Расстегнуть;с. Яшалта пр. Курортный д. 52 к. 9/2 479122;17;272
Горький;г. Нарым бул. З.Космодемьянской д. 61 стр. 7/4 862740;16;240
Народ;д. Асино бул. 9 Января д. 7/3 стр. 92 977064;10;100
Багровый;ст. Пенза наб. Сплавная д. 625 стр. 1/9 278267;9;144
Скрытый;с. Бомнак ш. Высокое д. 32 954982;3;48
Картинка;с. Уэлен ш. 40 лет Октября д. 41 713305;1;20
Вздрогнуть;г. Октябрьское (Хант.) бул. Парижской Коммуны д. 6 422716;7;126
Эффект;г. Ноглики наб. Трудовая д. 1/6 к. 6 516828;6;60
Подробность;к. Усть-Камчатск бул. Волочаевский д. 5 стр. 516 693189;12;216
Коробка;п. Соловки пер. Базарный д. 16 стр. 466 980682;6;66
Привлекать;клх Глазов бул. Красноармейский д. 5 219751;12;180
Порог;д. Юрюзань ул. Народная д. 78 стр. 9/5 965428;11;121
Иной;ст. Серафимович бул. Комарова д. 2 стр. 31 069476;14;154
Передо;к. Середниково пер. Майский д. 2/9 стр. 7/1 997297;14;196
Хозяйка;п. Усолье Сибирское алл. Брянская д. 9/7 стр. 5/5 625243;3;42
Возникновение;д. Кандалакша пер. Терешковой д. 9 973924;4;80
Тревога;г. Тосно наб. Ворошилова д. 4/7 к. 130 880758;5;65
Лапа;к. Калач пр. Новгородский д. 614 к. 55 212244;10;120
Смелый;ст. Ачинск бул. Васильковый д. 9 стр. 818 375504;13;234
Соответствие;г. Выборг ш. Гвардейское д. 1/3 к. 608 764586;19;361
Шлем;клх Мурманск наб. Шевченко д. 9/9 к. 33 545000;8;88
Падаль;г. Махачкала пр. Окружной д. 37 414970;19;323
Сохранять;с. Шахты пер. Ключевой д. 7/3 стр. 2 850119;6;66
Холодно;п. Сарапул бул. Специалистов д. 24 331684;20;340
Проход;клх Агинское (Забайк.) пер. Светлый д. 7/9 к. 968 397600;1;17
Угодный;с. Верхоянск бул. Ватутина д. 6 к. 3/1 532152;3;42
Инструкция;к. Дзержинск пер. Никитина д. 83 к. 7 719900;8;96
Тесно;ст. Кижи ул. Подлесная д. 192 стр. 2 020133;13;130
Второй;с. Архыз алл. Коммунальная д. 871 к. 7 313125;17;306
Тревога;п. Белгород наб. Буденного д. 50 к. 2/7 083111;11;154
Мусор;клх Медногорск наб. Макарова д. 208 511522;3;57
Карман;с. Кизилюрт ш. Черноморское д. 602 161934;16;256
Горький;к. Троицк (Челяб.) ул. Проезжая д. 1/9 стр. 5/6 936897;7;77
Дыхание;ст. Видное пер. Просвещения д. 93 стр. 427 023137;9;117
Провал;к. Междуреченский ш. Тимирязева д. 192 к. 29 105135;6;114
Развитый;с. Чегем бул. Воронежский д. 83 к. 702 391638;8;152
Иной;с. Истра бул. Тенистый д. 54 к. 1/1 289571;6;66
Наслаждение;с. Бронницы пер. Есенина д. 267 091442;2;38
Кузнец;клх Павловский Посад наб. Пограничная д. 347 стр. 5/7 796238;10;200
Через;клх Слюдянка наб. 60 лет СССР д. 217 112594;1;19
Вариант;к. Златоуст пер. Дачный д. 2/9 060264;13;169
Отдел;к. Двинской пер. Профсоюзный д. 234 270248;12;180
Видимо;ст. Чайковский бул. 9 Января д. 94 к. 937 706321;10;160
Более;клх Якутск пер. Больничный д. 9 стр. 1 266758;12;192
Теория;п. Стерлитамак наб. Ясная д. 7/1 к. 5 175545;1;14
Одиннадцать;п. Кизел алл. Советской Армии д. 8/5 к. 8/9 979674;4;44
Руководитель;клх Кашира пер. Почтовый д. 8/9 стр. 612 795405;3;60
Степь;д. Бомнак алл. Цветочная д. 1 830967;11;154
Присесть;г. Черский пр. Слободской д. 62 к. 980 140015;4;72
Темнеть;п. Солнечногорск бул. Бригадный д. 49 к. 16 481721;14;252
Сомнительный;п. Шатки алл. 50 лет Победы д. 70 004237;12;216
Возникновение;с. Кизилюрт наб. Тельмана д. 9/3 стр. 7 018492;18;234
Степь;ст. Асбест алл. Короткая д. 96 907297;3;57
Рот;ст. Дербент пр. Воровского д. 8 к. 4/4 069816;19;342
Песенка;ст. Братск пер. Лазурный д. 4 727376;15;165
Поздравлять;д. Новороссийск пер. Привольный д. 71 291236;17;221
Разнообразный;ст. Вытегра алл. Целинная д. 7 стр. 7/1 047365;9;144
Смертельный;к. Уссурийск наб. Чернышевского д. 248 стр. 6 374335;3;42
Нервно;с. Челябинск ул. Карьерная д. 5/8 стр. 7/4 318315;4;76
Мимо;клх Салават пер. Омский д. 46 стр. 13 155999;14;168
Промолчать;к. Псебай пр. Братский д. 223 к. 44 731225;2;26
Порода;с. Ростов алл. Высокая д. 722 стр. 7/6 533540;10;120
Подробность;д. Златоуст пр. Санаторный д. 839 стр. 62 249521;13;234
Прощение;с. Эльбрус пр. Кошевого д. 575 стр. 2/4 964881;9;108
Прошептать;к. Пенза пр. Ставропольский д. 55 к. 9 043276;20;200
А;с. Новгород Великий ш. Крылова д. 6/6 стр. 353 860045;3;36
Совещание;с. Лодейное Поле пр. Боровой д. 4/2 стр. 6 598912;5;80
Ведь;г. Кингисепп ш. Черемуховое д. 9 236791;2;36
Зачем;д. Наро-Фоминск наб. Широкая д. 58 767906;1;15
Коммунизм;г. Всеволожск бул. Лазо д. 8 к. 25 231615;6;60
Призыв;с. Джубга пр. Победа д. 92 к. 833 091974;4;48
Каюта;с. Миллерово пер. Докучаева д. 7/7 к. 2/3 295872;16;320
Хотеть;клх Можайск пр. М.Горького д. 3/6 к. 2/5 916966;11;165
Куча;с. Талдом наб. Угловая д. 218 стр. 2 536391;5;90
Поздравлять;клх Балтийск пр. Совхозный д. 370 589534;16;256
Госпожа;ст. Томпа ш. Таманское д. 533 к. 74 700117;15;240
Поезд;п. Инта пер. Куйбышева д. 9 стр. 6/1 083192;12;156
Болото;г. Старый Оскол пр. Азовский д. 9/5 к. 238 148740;20;240
Подробность;ст. Домбай алл. Мелиоративная д. 696 стр. 9/5 566196;13;130
Командование;с. Энгельс пр. Минина д. 1/5 стр. 37 505840;1;15
Сбросить;ст. Нерчинск алл. Коммунистическая д. 548 к. 9 778990;16;272
Разуметься;г. Новомичуринск пр. Профсоюзный д. 2 036268;4;44
Невыносимый;д. Красноуральск пер. Горный д. 182 982437;6;78
Заплакать;п. Черемхово ул. Димитрова д. 2/6 к. 4/1 514972;15;165
Провал;клх Темрюк алл. Луговая д. 3 к. 7/4 225159;11;187
Материя;клх Шилка ш. М.Горького д. 6/5 к. 728 420115;1;17
Господь;г. Апшеронск алл. Тюленина д. 6/2 789273;13;169
Кузнец;к. Алдан наб. Серова д. 75 стр. 98 737255;1;19
Тесно;д. Сунтар алл. Крымская д. 5 стр. 6 457197;9;153
Плясать;с. Подольск бул. Шоссейный д. 52 249849;14;154
Ныне;п. Луга алл. Путейская д. 542 537085;4;68
Стакан;клх Жуковский бул. Коммунистический д. 7/3 к. 5 276848;1;18
Направо;г. Каспийск ш. Р.Люксембург д. 2/3 стр. 42 017907;5;95
Художественный;п. Билибино пр. Ольховый д. 15 стр. 8 570200;5;100
Прощение;д. Екатеринбург пр. Алтайский д. 9/2 к. 106 172060;9;126
Неправда;с. Пинега ш. Омское д. 7/9 370830;16;240
Разуметься;ст. Рязань ул. Циолковского д. 80 963325;7;98
Выразить;с. Светлогорск (Калин.) пр. Колхозный д. 59 669137;12;228
Близко;клх Билибино бул. Технический д. 7 к. 64 745853;3;39
Четко;к. Бреды бул. Ореховый д. 3/6 стр. 3 415579;18;216
Коллектив;с. Архангельск алл. Молодежная д. 3/2 стр. 1/3 304266;15;285
Угроза;п. Усть-Ордынский бул. Камский д. 5 418143;14;182
Ученый;д. Южноуральск пр. Буденного д. 5 к. 7/7 953196;1;11
Заплакать;ст. Беломорск алл. Студенческая д. 2 004912;15;285
Способ;д. Анапа пер. Авиационный д. 95 к. 1 314668;6;120
Результат;д. Ачхой Мартан бул. Серафимовича д. 83 511461;9;135
Скрытый;п. Орел ул. Пушкинская д. 391 998245;10;110
Выкинуть;д. Тура пр. Проезжий д. 142 354810;16;320
Разнообразный;с. Калач алл. Таманская д. 102 449627;12;144
Изменение;п. Мелеуз наб. Докучаева д. 38 901976;15;285
Кпсс;ст. Валаам пр. Санаторный д. 9/8 929910;10;130
Свежий;д. Геленджик алл. Мичурина д. 6/4 012331;7;91
Металл;клх Лодейное Поле пер. Воровского д. 3 стр. 4 926478;16;160
Адвокат;ст. Уссурийск бул. Путевой д. 4 стр. 22 081956;7;98
Термин;г. Яшалта пр. Мостовой д. 55 стр. 83 801617;11;154
Теория;клх Адлер ул. Стахановская д. 59 к. 2 563550;8;112
Триста;д. Калининград наб. Почтовая д. 6 стр. 6 148973;2;30
Проход;с. Оленегорск (Якут.) бул. Степной д. 9 к. 4/9 700506;7;84
Неправда;д. Куртамыш ш. Амурское д. 50 630480;1;12
Через;д. Токма пер. Ватутина д. 507 к. 9 388906;8;136
Точно;г. Нефтеюганск алл. Минская д. 3/7 к. 9/7 671026;15;165
Заплакать;д. Белгород пер. Крупской д. 4/2 977799;6;66
Блин;ст. Карталы бул. Докучаева д. 19 348581;15;165
Правление;г. Шенкурск бул. Красина д. 662 стр. 266 583690;9;117
Порода;д. Корсаков ул. Кузнечная д. 7 стр. 60 821720;8;96
Песня;г. Минеральные Воды наб. Красногвардейская д. 7/2 стр. 5 786977;1;10
Демократия;клх Астрахань ул. Российская д. 8/2 стр. 95 789084;18;288
Инфекция;к. Октябрьское (Челяб.) ул. Курчатова д. 2/5 795821;13;260
Мучительно;с. Лабинск алл. Заовражная д. 39 486310;18;252
Хозяйка;д. Юровск пр. Правды д. 93 к. 585 174913;15;225
Горький;г. Белореченск пр. Тенистый д. 8/4 к. 3/6 661974;4;40
Печатать;г. Агинское (Забайк.) пер. Высотный д. 7/3 к. 4/9 033365;18;180
Тревога;к. Нурлат алл. Азина д. 2 к. 60 725821;2;40
Девка;д. Гагарин пер. Дзержинского д. 44 стр. 54 002377;11;176
Цвет;с. Переславль-Залесский наб. Промышленная д. 952 стр. 9/1 655024;14;168
Ярко;к. Лотошино пр. Ильича д. 6/7 к. 3/4 584899;2;30
Избегать;клх Тимашевск ул. Путевая д. 37 стр. 3/1 070067;11;165
Плод;к. Архыз алл. Запорожская д. 1 стр. 7/2 051554;1;19
Мотоцикл;с. Вилюйск бул. Аэродромный д. 6/9 стр. 4 264590;15;195
Народ;ст. Ханты-Мансийск ул. Красноармейская д. 1/4 стр. 482 062211;2;30
Совет;к. Троицко-Печорск ш. Сенное д. 9 596316;10;160
Ныне;ст. Кандалакша ш. Песочное д. 4/9 к. 3/4 041420;7;98
Металл;г. Саров (Морд.) ш. Курганное д. 774 к. 4/1 563422;6;84
Неправда;ст. Касимов пр. Казанский д. 6 стр. 456 068867;17;170
Левый;с. Кыштым наб. Геологов д. 3 078738;11;187
Хотеть;с. Обнинск наб. Маркса д. 5/5 к. 611 122313;20;380
Коричневый;с. Оленегорск (Якут.) ш. Ленинградское д. 546 051940;2;28
Доставать;п. Архангельск ш. З.Космодемьянской д. 817 к. 7 992873;18;252
Заплакать;г. Усть-Джегута наб. Революции д. 10 327261;1;14
Протягивать;д. Междуреченский пр. Рязанский д. 4/2 стр. 8 178464;8;112
Армейский;клх Галич наб. Кузнецова д. 5 к. 7/1 853369;11;198
Трубка;д. Тулун ул. Камская д. 9/5 стр. 5/1 973593;9;99
Изображать;г. Усть-Илимск ш. Олимпийское д. 867 стр. 728 659262;8;128
Налоговый;к. Поярково алл. Овражная д. 9/9 к. 15 716634;7;119
Цель;д. Апшеронск пер. Герцена д. 6/1 стр. 2 171741;2;36
Банк;к. Баксан ул. Байкальская д. 7 074922;17;272
Юный;ст. Тавда ш. Сенное д. 146 068653;14;252
Степь;с. Вязьма ул. Запрудная д. 483 463226;18;288
Сынок;клх Кизляр наб. Почтовая д. 4/6 стр. 91 179273;7;105
Доставать;с. Соль-Илецк пр. Камский д. 4 стр. 2/1 951539;4;48
Дальний;д. Сковородино пр. Шишкина д. 4 643691;16;320
Более;с. Губаха алл. Уральская д. 9/9 к. 94 292840;4;44
Основание;п. Наро-Фоминск ул. Кочубея д. 6/2 156496;4;72
Запустить;к. Ишим пр. Пролетарский д. 56 стр. 37 974191;3;42
Белье;п. Усть-Кулом ул. Ростовская д. 2 253713;5;80
Ребятишки;п. Урюпинск пер. Угольный д. 1 762705;20;340
Прошептать;клх Кижи алл. 40 лет Победы д. 226 стр. 1 539349;3;45
Подробность;с. Ряжск ш. Гайдара д. 792 595291;7;112
Добиться;д. Шилка ш. Горького д. 982 стр. 950 706912;1;15
Страсть;клх Златоуст наб. Заливная д. 3/9 255173;4;68
Кузнец;клх Назрань ул. Малая д. 3/3 к. 9 458933;7;98
Лететь;г. Туруханск наб. Южная д. 852 к. 9/5 451303;1;20
Школьный;к. Шерегеш алл. Приморская д. 86 042348;10;170
Ленинград;ст. Шилка пр. Торговый д. 8/2 938458;8;88
Необычный;ст. Кудымкар пер. Стадионный д. 662 657797;15;225
Прежде;ст. Осташков алл. Маркса Карла д. 5 стр. 73 106257;5;85
Задержать;с. Тихорецк бул. Кооперативный д. 1 702236;15;210
Господь;с. Шерегеш бул. Октябрьский д. 5 014992;7;133
Каюта;с. Вилюйск ш. Одесское д. 62 к. 247 805377;16;176
Крутой;к. Усть-Ишим наб. Раздольная д. 2 010140;12;204
Помимо;клх Новая Игирма ул. Энтузиастов д. 617 стр. 64 099917;10;120
Цепочка;с. Октябрьский (Башк.) наб. Леонова д. 1/3 стр. 32 958739;2;32
Неправда;п. Кырен пр. 8-е Марта д. 78 к. 53 031750;6;90
Правление;г. Домбай пер. Революции д. 8 к. 957 377628;8;152
Ботинок;п. Усть-Кут бул. Прудный д. 7 к. 202 147492;15;300
Указанный;ст. Кропоткин (Краснод.) бул. Чапаева д. 6 к. 7 838195;8;144
Настать;г. Яр-Сале пр. Привокзальный д. 25 к. 4 997691;18;198
Господь;с. Аша алл. Гвардейская д. 65 стр. 62 443325;5;55
Провинция;г. Оха пр. Троицкий д. 375 стр. 383 563495;14;154
Пропадать;ст. Юрьев-Польский пр. Смирнова д. 49 стр. 2/2 289082;19;304
Даль;к. Сусуман пер. Привольный д. 8 к. 63 374722;3;48
Угодный;клх Брянск наб. Ульянова д. 85 761982;3;54
Тревога;д. Шумиха пр. 1 Мая д. 2 880203;6;120
Руководитель;п. Пушкино (Моск.) ул. Гвардейская д. 93 748902;3;45
Премьера;с. Серебряные Пруды ул. Путейская д. 378 стр. 8 365805;8;144
Ставить;к. Усть-Кулом пр. Крымский д. 9 051252;6;72
Покинуть;ст. Кашира пер. Максима Горького д. 7/8 383976;17;238
Избегать;г. Белокуриха наб. Кедровая д. 317 стр. 4/9 922411;9;144
Слать;с. Горячий Ключ пер. Бульварный д. 515 к. 195 230671;3;57
Ответить;ст. Петухово бул. Привольный д. 283 стр. 7 421249;14;280
Даль;г. Поярково ул. Володарского д. 730 481107;10;160
Изменение;д. Жуковский пер. Гафури д. 98 к. 3/1 400788;1;19
Карман;клх Зеленоград бул. Трактовый д. 3 413293;12;192
Спорт;клх Нарткала ш. Воровского д. 2 838903;15;255
Плясать;с. Петрозаводск ул. Фрунзе д. 582 к. 953 804542;12;156
Район;с. Брянск бул. Лермонтова д. 545 к. 4 805310;4;60
Единый;д. Миллерово ул. Зеленая д. 60 632153;10;140
Пастух;д. Сочи наб. Санаторная д. 953 899644;1;15
Вскакивать;г. Курумкан пр. Центральный д. 44 352811;19;304
Правление;г. Орск ул. Родниковая д. 671 832683;16;320
Ведь;к. Карталы пр. Журавлева д. 989 641274;5;50
Князь;клх Нягань алл. Шаумяна д. 60 180411;14;140
Выкинуть;ст. Карпинск наб. Народная д. 6 327894;7;70
Грудь;п. Гдов ул. Карла Маркса д. 149 к. 945 730044;2;24
Советовать;п. Буйнакск бул. Кавказский д. 444 к. 6/9 046874;7;91
Господь;ст. Горно-Алтайск наб. Заводская д. 4/8 155520;17;323
Указанный;клх Новая Игирма пр. Смирнова д. 4 стр. 8/4 356414;7;112
Желание;клх Моздок наб. Республиканская д. 7 стр. 6/9 790836;2;34
Коробка;ст. Терней бул. Серафимовича д. 35 к. 74 969949;2;30
Головка;клх Радужный алл. Троицкая д. 2/1 301799;19;190
Упорно;с. Ногинск (Моск.) ул. Техническая д. 494 к. 8/9 055372;19;190
Войти;г. Морозовск алл. Индустриальная д. 9 376555;11;132
Армейский;клх Ревда (Сверд.) пр. Красногвардейский д. 718 к. 64 791019;2;40
Тяжелый;клх Елец ш. Мелиораторов д. 25 371074;19;380
Издали;п. Костомукша ш. Коммунистическое д. 9/8 523366;6;60
Беспомощный;клх Борзя пер. Волжский д. 7/2 073764;10;180
Заложить;к. Сладково пр. Менделеева д. 406 к. 15 861362;4;76
Смеяться;ст. Соль-Илецк алл. Металлистов д. 6/6 249180;4;48
Горький;ст. Белый Яр (Томск.) пр. Путевой д. 494 852125;16;320
Танцевать;с. Ардон ш. Строителей д. 798 956336;18;234
Манера;п. Балашиха наб. Черемуховая д. 6/4 337659;7;112
Руководитель;ст. Объячево пер. Смоленский д. 58 272704;5;75
Горький;п. Урюпинск пр. Пригородный д. 102 к. 6 462129;20;400
Багровый;клх Сальск ш. Жукова д. 2/8 к. 3 356201;18;180
Каюта;г. Меренга ш. Поперечное д. 6/3 590740;19;247
