name;specialization;number_of_employees;profit;id_sc
Дурацкий;Мужское белье;2160;4453058;209
Пространство;Спортивная одежда;2826;1402010;355
Бак;Демисезонная одежда;7632;6943780;625
Спорт;Летняя одежда;3005;3816731;952
Очередной;Летняя одежда;5498;7271289;365
Кпсс;Мужское белье;8158;5424280;9
Протягивать;Женское белье;5244;577732;383
Термин;Зимняя одежда;6750;48070;704
Цепочка;Летняя одежда;8042;7931465;506
Рота;Мужская одежда;6356;118333;814
Возбуждение;Женская одежда;9265;8915053;544
Что;Спортивная одежда;5485;2129782;517
Прежде;Женская одежда;3176;3630802;739
Остановить;Демисезонная одежда;3923;8339358;309
Приятель;Женская одежда;9266;6045726;21
Лиловый;Женская одежда;4333;5665219;704
Непривычный;Детския одежда;8672;5800804;488
Нажать;Женское белье;8625;6323619;543
Ярко;Мужское белье;3891;5723866;555
Заплакать;Детския одежда;5227;5236142;324
Носок;Зимняя одежда;2395;4698462;10
Покидать;Детския одежда;1371;539250;130
Слишком;Детския одежда;457;1060277;481
Наступать;Женское белье;643;1467896;212
Медицина;Мужская одежда;4633;973022;437
Выгнать;Женское белье;535;8951340;890
Пропасть;Демисезонная одежда;9125;7524586;305
Передо;Демисезонная одежда;9584;7273118;331
Покинуть;Летняя одежда;5100;2709794;143
Теория;Мужская одежда;2341;8546740;215
Песенка;Спортивная одежда;9684;8550972;49
Витрина;Мужская одежда;1300;8841478;398
Предоставить;Детския одежда;5554;7134488;141
Мальчишка;Женское белье;7449;595108;933
Пятеро;Женская одежда;7247;9469587;359
Грудь;Летняя одежда;7706;136935;201
Холодно;Демисезонная одежда;6529;1357875;484
Отъезд;Женская одежда;8302;5887741;288
Построить;Демисезонная одежда;6082;6958526;96
Мотоцикл;Зимняя одежда;1923;6862395;532
Вытаскивать;Демисезонная одежда;3965;7430541;560
Мальчишка;Спортивная одежда;9460;770283;684
Радость;Мужская одежда;8616;1571758;135
Ход;Демисезонная одежда;7971;9954443;656
Умирать;Демисезонная одежда;7125;3286471;29
Деньги;Спортивная одежда;3677;338418;832
Возможно;Демисезонная одежда;3947;4243753;898
Цепочка;Детския одежда;9158;4624272;827
Князь;Женское белье;5988;8503615;171
Пропадать;Зимняя одежда;5571;7762097;851
Избегать;Женская одежда;3963;9318841;617
Более;Спортивная одежда;279;4181312;172
Передо;Зимняя одежда;9621;7991880;744
Заявление;Спортивная одежда;5384;7988133;682
Покидать;Демисезонная одежда;1076;4743160;777
Написать;Женская одежда;4161;9902483;3
Падаль;Летняя одежда;4116;4695905;715
Полюбить;Мужское белье;1461;5656493;3
Неправда;Демисезонная одежда;370;5207803;309
Постоянный;Зимняя одежда;122;4681274;104
Равнодушный;Демисезонная одежда;3356;4234344;165
Порода;Мужское белье;7250;2655552;841
Правильный;Женская одежда;4587;952695;555
Применяться;Мужская одежда;8415;7409831;214
Мелькнуть;Мужское белье;4957;9899463;557
Плавно;Зимняя одежда;1779;9889737;306
Близко;Демисезонная одежда;6348;8377826;530
Блин;Мужская одежда;7714;7250663;633
Способ;Демисезонная одежда;2307;2807093;37
Посидеть;Мужское белье;5244;1813750;882
Доставать;Мужская одежда;3602;7858224;758
Металл;Демисезонная одежда;9707;1984158;245
Палец;Детския одежда;5985;8982358;549
Вывести;Мужское белье;368;521145;469
Серьезный;Демисезонная одежда;7313;5821450;133
Неправда;Женское белье;6991;8192431;404
Прежний;Женская одежда;3131;3032094;201
Один;Женское белье;677;1344155;625
Вообще;Спортивная одежда;5440;5434412;488
Тяжелый;Мужская одежда;4630;4477201;998
Интернет;Демисезонная одежда;8633;184014;436
Что;Детския одежда;7088;4523141;377
Природа;Детския одежда;1703;6785087;640
Разводить;Спортивная одежда;7236;4810703;748
Радость;Демисезонная одежда;6643;9403115;165
Правый;Женское белье;4238;1292477;529
Покинуть;Мужская одежда;4132;9813127;182
Число;Мужская одежда;240;7842423;261
Привлекать;Женское белье;8920;4713295;450
Торговля;Мужское белье;6392;1874774;715
Термин;Детския одежда;1370;4159697;478
Спасть;Летняя одежда;8872;4290987;56
Невозможно;Женское белье;444;7004134;231
Бок;Женское белье;2175;7200453;586
Уронить;Женская одежда;674;9136965;182
Поговорить;Зимняя одежда;7936;1339563;960
Бок;Демисезонная одежда;4237;3588854;957
Применяться;Зимняя одежда;3698;5383521;368
Плавно;Демисезонная одежда;8346;7115087;270
Ответить;Женская одежда;1436;2259891;507
Подробность;Детския одежда;4063;8463044;122
Армейский;Спортивная одежда;9295;8436042;242
Материя;Летняя одежда;9871;5699620;335
Шлем;Спортивная одежда;2333;6911311;765
Тесно;Мужская одежда;414;518755;537
Зима;Женская одежда;270;4583429;246
Манера;Спортивная одежда;6507;6850680;92
Трубка;Демисезонная одежда;311;1311924;52
Около;Зимняя одежда;9817;9656835;686
Предоставить;Зимняя одежда;2863;2589687;493
Интернет;Мужская одежда;3564;3062316;157
Страсть;Спортивная одежда;3713;7318517;823
Вытаскивать;Зимняя одежда;2067;8336754;498
Даль;Женское белье;2377;4365277;402
Ночь;Зимняя одежда;4217;7317482;807
Нажать;Спортивная одежда;6571;5778808;92
Мимо;Демисезонная одежда;8376;2760034;416
Функция;Зимняя одежда;6680;1733900;88
Аж;Зимняя одежда;7367;8040252;243
Сустав;Демисезонная одежда;2016;7075551;505
Подземный;Летняя одежда;2569;9070856;132
А;Летняя одежда;7427;6851740;344
Заплакать;Демисезонная одежда;7216;4040134;68
Построить;Спортивная одежда;3727;6521132;568
Цвет;Демисезонная одежда;4312;223484;210
Затянуться;Летняя одежда;6068;3267679;514
Очко;Демисезонная одежда;333;6579410;400
Еврейский;Мужская одежда;6835;7132545;850
Иной;Детския одежда;460;6368317;872
Поздравлять;Демисезонная одежда;2999;1170089;838
Лететь;Летняя одежда;2740;4484016;495
Дыхание;Женское белье;2957;8311135;34
Непривычный;Мужская одежда;9137;1558661;704
Песня;Женское белье;6772;6788223;304
Степь;Мужское белье;3542;9003566;596
Спорт;Мужская одежда;7814;6518621;427
Выраженный;Женская одежда;2467;3110785;236
Еврейский;Демисезонная одежда;3306;3974122;537
Засунуть;Мужское белье;2397;4306112;120
Умолять;Зимняя одежда;7131;9000890;999
Очутиться;Демисезонная одежда;8635;2694622;712
Применяться;Женское белье;6383;2773073;123
Мимо;Демисезонная одежда;2389;9182065;747
Крыса;Мужская одежда;5104;4478899;957
Провал;Мужская одежда;2936;3946588;17
Художественный;Детския одежда;9247;8573444;818
Одиннадцать;Зимняя одежда;8801;2137972;928
Потрясти;Женская одежда;2729;7260378;292
Художественный;Демисезонная одежда;5856;4386445;122
Сынок;Летняя одежда;8668;62697;99
Рис;Мужское белье;3339;8292930;351
Граница;Детския одежда;4874;6840397;592
Коллектив;Летняя одежда;8671;7313182;177
Провал;Мужское белье;3287;771989;115
Изучить;Мужское белье;5731;6276196;100
Пересечь;Женская одежда;3999;533851;544
Какой;Мужское белье;5513;7806834;715
Конференция;Зимняя одежда;8928;8348477;570
Мимо;Зимняя одежда;2097;1981101;547
Дошлый;Женская одежда;8205;6578688;86
Монета;Мужское белье;1148;6577918;107
Парень;Демисезонная одежда;8130;4272222;949
Мгновение;Летняя одежда;2731;4555756;787
Ремень;Летняя одежда;7369;2203940;380
Оставить;Летняя одежда;9988;5381894;8
Металл;Демисезонная одежда;8295;4302495;272
Посидеть;Детския одежда;3547;5408585;472
Освободить;Мужская одежда;7272;5129242;913
Горький;Детския одежда;1400;493243;876
Советовать;Женская одежда;1634;2330607;824
Рот;Мужская одежда;3979;8361829;894
Товар;Женское белье;3134;7785252;313
Медицина;Летняя одежда;7614;8858769;756
Порода;Демисезонная одежда;8275;5359859;449
Монета;Спортивная одежда;5591;8714907;585
Монета;Зимняя одежда;1920;4207556;474
Пламя;Мужское белье;6466;7962143;839
Коробка;Женское белье;2319;680979;993
Прелесть;Летняя одежда;4354;9890715;693
Роскошный;Мужское белье;2485;6682503;150
Находить;Женская одежда;5420;9601713;840
Князь;Мужская одежда;7775;6796042;63
Порядок;Мужская одежда;6995;8160361;492
Сравнение;Мужское белье;9069;693894;826
Ложиться;Мужская одежда;8836;8778210;367
За;Демисезонная одежда;4043;9830131;962
Триста;Детския одежда;354;7757371;323
Фонарик;Мужское белье;7235;9334534;404
Затянуться;Зимняя одежда;2553;6359627;739
Кожа;Детския одежда;9038;8277828;473
Плясать;Детския одежда;827;8539247;34
Эпоха;Женская одежда;2146;4149046;484
Реклама;Женское белье;8494;9045708;362
Манера;Спортивная одежда;7545;2402440;435
Тусклый;Демисезонная одежда;1848;4410475;666
Торопливый;Мужское белье;5405;6958888;331
Провал;Демисезонная одежда;7093;8992613;944
Бегать;Демисезонная одежда;4058;4604974;553
Гулять;Спортивная одежда;124;3872803;419
Достоинство;Детския одежда;1440;821383;403
Место;Мужская одежда;9733;1618821;260
Совет;Демисезонная одежда;7575;2958354;581
Приятель;Женская одежда;4515;9516238;74
Ход;Детския одежда;4746;4291499;293
Зачем;Зимняя одежда;107;5006032;698
Постоянный;Мужское белье;8684;8552922;363
Приличный;Мужское белье;893;6428501;287
Даль;Демисезонная одежда;2510;7778604;52
Крутой;Зимняя одежда;3578;5727525;672
Число;Мужское белье;6281;701450;486
Стакан;Женская одежда;2813;2981417;464
Около;Летняя одежда;5421;8653352;553
Горький;Спортивная одежда;8684;7429511;880
Песня;Детския одежда;3658;8198888;488
Металл;Демисезонная одежда;7928;8876429;857
Механический;Летняя одежда;8786;2834834;116
Кпсс;Женская одежда;8952;2433885;575
Проход;Детския одежда;2417;293412;589
Лететь;Демисезонная одежда;7584;1307247;416
Миллиард;Мужская одежда;7043;2569628;383
Дрогнуть;Летняя одежда;5464;7584612;190
Бак;Мужская одежда;8302;4676625;536
Единый;Зимняя одежда;4756;7550580;946
Промолчать;Спортивная одежда;6697;6934750;401
Протягивать;Мужское белье;1065;7398801;620
Сверкать;Женская одежда;743;3089012;369
Космос;Женская одежда;7492;4593993;302
Спасть;Женское белье;3078;6086768;626
Командир;Зимняя одежда;3390;7225892;499
Появление;Демисезонная одежда;1116;6626771;388
Трясти;Мужское белье;4826;4828470;642
Дорогой;Спортивная одежда;7235;8708854;806
Слишком;Зимняя одежда;5534;5026317;138
Дыхание;Мужское белье;1801;3465707;704
Разуметься;Зимняя одежда;8775;2764150;476
Близко;Демисезонная одежда;5897;4503795;521
Видимо;Летняя одежда;3325;3770666;446
Салон;Детския одежда;1541;1124426;247
Результат;Мужская одежда;7450;9518966;410
Слишком;Спортивная одежда;7607;8161512;828
Танцевать;Зимняя одежда;9673;945320;112
Степь;Женское белье;5712;6071193;61
Столетие;Демисезонная одежда;8130;9728071;828
Остановить;Женская одежда;5834;9962310;576
Задержать;Демисезонная одежда;2955;3534709;810
Направо;Зимняя одежда;8773;1288947;923
Присесть;Летняя одежда;7232;1443605;857
Мусор;Летняя одежда;4920;7898585;475
Вообще;Женская одежда;6288;8006196;341
Издали;Мужское белье;4822;6554837;466
Тесно;Мужская одежда;6890;2541913;105
Неожиданный;Женская одежда;1165;21988;356
Советовать;Зимняя одежда;8227;3458166;314
Неправда;Зимняя одежда;8352;3125463;286
Применяться;Демисезонная одежда;8841;2199627;401
Ночь;Демисезонная одежда;259;4384018;735
Триста;Демисезонная одежда;565;3264691;694
Банда;Мужская одежда;2309;9440297;647
Торговля;Мужское белье;9293;8360375;869
Лететь;Демисезонная одежда;2878;5087986;141
Художественный;Летняя одежда;7389;2383803;475
Затянуться;Спортивная одежда;8897;8013455;533
Место;Детския одежда;6489;171403;563
Увеличиваться;Женское белье;185;217884;359
Увеличиваться;Демисезонная одежда;3104;7211953;154
Славный;Демисезонная одежда;6628;1206234;364
Плясать;Мужское белье;5832;1603774;464
Магазин;Женское белье;3234;4080523;611
Обида;Демисезонная одежда;4376;3579043;493
Темнеть;Детския одежда;6500;4984758;740
Рассуждение;Демисезонная одежда;6081;6413939;631
Металл;Мужская одежда;7848;4809917;938
Печатать;Зимняя одежда;3858;1767944;939
Заложить;Мужская одежда;3186;8084189;619
Человечек;Женская одежда;7958;3813791;534
Командующий;Зимняя одежда;1398;3804051;751
Запустить;Зимняя одежда;9266;5804994;41
Художественный;Детския одежда;2253;20932;7
Жидкий;Детския одежда;9504;4424557;70
Висеть;Мужское белье;9154;7329442;580
Художественный;Демисезонная одежда;8288;6725908;501
Коричневый;Демисезонная одежда;5575;2389145;138
Означать;Спортивная одежда;7850;1830518;23
Парень;Женская одежда;3947;8207070;596
Армейский;Зимняя одежда;1977;5355842;59
Дошлый;Женская одежда;7818;6549953;684
Издали;Женская одежда;1858;5115787;531
Социалистический;Летняя одежда;3117;2342797;3
Художественный;Спортивная одежда;2419;7886224;843
Школьный;Женское белье;3413;1452815;905
Пространство;Детския одежда;3507;3615353;526
Провинция;Женское белье;2829;4428938;998
Желание;Женская одежда;7904;141738;188
Очередной;Мужская одежда;6246;628686;678
Зарплата;Спортивная одежда;6823;2658427;441
Доставать;Демисезонная одежда;2805;9122118;367
Нервно;Женская одежда;276;4599336;297
Валюта;Детския одежда;2403;5913153;447
Деньги;Детския одежда;1912;4489894;599
Плавно;Зимняя одежда;9015;3802029;236
Хотеть;Женская одежда;2577;4206413;357
Число;Детския одежда;3290;2173398;982
Легко;Мужское белье;542;1965714;272
Вскакивать;Летняя одежда;3704;9737235;373
Желание;Мужская одежда;3116;2844167;212
Товар;Мужское белье;1619;6418268;69
Жестокий;Демисезонная одежда;3398;4372281;514
Зарплата;Детския одежда;1284;3726741;491
Картинка;Мужское белье;4902;2391705;767
Цепочка;Детския одежда;1486;2460480;18
Костер;Зимняя одежда;5462;7464167;882
Прелесть;Демисезонная одежда;5088;8765116;744
Очередной;Детския одежда;851;8917584;610
Граница;Демисезонная одежда;1836;9375113;93
Демократия;Летняя одежда;4951;477174;377
Советовать;Женская одежда;4784;1299119;70
Слать;Спортивная одежда;2957;6490730;103
Засунуть;Демисезонная одежда;2907;9699353;969
Неправда;Женское белье;2496;2056763;702
Один;Женское белье;6613;7279349;880
Табак;Зимняя одежда;1172;3204311;767
Инструкция;Женская одежда;7829;7287067;453
Порог;Детския одежда;4159;2833292;233
Славный;Демисезонная одежда;7798;5239507;542
Голубчик;Мужское белье;2342;5444100;737
Мотоцикл;Демисезонная одежда;4155;1141226;759
Нервно;Мужская одежда;4433;5426510;619
Основание;Спортивная одежда;8372;8571972;565
Поставить;Мужская одежда;3194;6283109;408
Багровый;Женское белье;3659;7663461;596
Академик;Женская одежда;5184;5621632;235
Рис;Детския одежда;6000;7884286;241
Июнь;Летняя одежда;3344;6161218;149
Сутки;Летняя одежда;3147;199276;302
Поезд;Женская одежда;2920;107108;630
Ремень;Летняя одежда;4818;4677222;457
Вперед;Демисезонная одежда;6711;8425297;239
Расстройство;Летняя одежда;1985;2293854;763
Самостоятельно;Демисезонная одежда;7125;8924036;302
Приятель;Зимняя одежда;9767;285204;842
Крутой;Мужское белье;9395;889551;338
Перебивать;Женское белье;8301;5848459;268
Соответствие;Летняя одежда;4149;394821;771
Призыв;Зимняя одежда;2596;1139633;812
Ярко;Женское белье;8616;1017331;255
Бетонный;Демисезонная одежда;5221;393550;149
Реклама;Женское белье;9978;4006376;140
Интеллектуальный;Женское белье;9349;5206288;782
Отметить;Детския одежда;6157;9248906;682
Полоска;Мужское белье;2038;7981670;234
Интеллектуальный;Демисезонная одежда;1970;4782611;222
Спорт;Мужская одежда;4749;9168083;50
Четыре;Демисезонная одежда;2943;9710368;621
Поставить;Зимняя одежда;5247;4550737;660
Художественный;Летняя одежда;3188;618713;6
Функция;Мужское белье;5294;4398355;654
Инструкция;Женская одежда;6959;3096790;147
Отражение;Летняя одежда;1065;4148812;120
Монета;Демисезонная одежда;7641;5488766;599
Песенка;Мужская одежда;3356;9578565;37
Школьный;Зимняя одежда;3395;1703585;424
Скрытый;Летняя одежда;1320;9165491;496
Приятель;Женское белье;1882;6233016;548
Доставать;Спортивная одежда;9196;4103146;491
Равнодушный;Женская одежда;7521;4849388;694
Жестокий;Женское белье;6351;5995696;590
Невозможно;Женская одежда;6499;9045377;170
Ремень;Женское белье;9419;3657811;717
Оборот;Демисезонная одежда;5461;1174426;711
Нож;Детския одежда;5907;6491248;673
Рот;Мужское белье;6251;8038388;567
Что;Демисезонная одежда;7295;1419282;975
Жидкий;Женское белье;9135;2168004;588
Еврейский;Женская одежда;9317;4983375;17
Нажать;Мужская одежда;7316;8803666;787
Ныне;Демисезонная одежда;2078;5980526;944
Советовать;Мужское белье;7315;9115971;566
Рабочий;Летняя одежда;2904;6363124;129
Следовательно;Мужская одежда;9585;6787480;539
Заявление;Мужская одежда;4491;6958060;976
Покидать;Женское белье;2769;8247005;975
Поезд;Детския одежда;7469;2479519;381
За;Детския одежда;7896;3034629;187
Карандаш;Демисезонная одежда;6452;7058696;83
Команда;Демисезонная одежда;3811;6523369;404
Промолчать;Мужское белье;4851;646921;463
Выбирать;Демисезонная одежда;4468;8126833;338
Близко;Зимняя одежда;1494;8790876;371
Мера;Летняя одежда;3185;8911548;225
Рай;Женская одежда;8402;2841007;759
Пятеро;Женское белье;9412;3113450;904
Пропаганда;Мужская одежда;7688;4508335;23
Нервно;Мужское белье;1021;7574943;801
Ягода;Женское белье;3749;2423784;806
Цель;Зимняя одежда;4771;3819128;882
Дьявол;Мужская одежда;5591;2878314;860
Дальний;Летняя одежда;4761;4713697;269
Некоторый;Мужская одежда;580;7421322;989
Князь;Мужская одежда;5917;9459089;209
Уточнить;Летняя одежда;5049;2286177;781
Ложиться;Мужская одежда;5029;4306945;340
Лапа;Демисезонная одежда;3168;5376999;402
Боец;Демисезонная одежда;3915;8970285;999
Разнообразный;Спортивная одежда;3909;3184972;512
Кпсс;Детския одежда;5962;8457614;157
Ломать;Демисезонная одежда;1302;6039573;991
Второй;Женская одежда;8436;131422;287
Что;Детския одежда;7851;1011924;997
Монета;Демисезонная одежда;5290;791481;699
При;Летняя одежда;1888;9930314;542
Некоторый;Мужская одежда;5903;2663254;718
Падать;Демисезонная одежда;1890;2449244;397
Избегать;Зимняя одежда;6195;9177213;645
Слать;Мужское белье;3127;3149429;683
Засунуть;Демисезонная одежда;717;4846277;56
Дрогнуть;Летняя одежда;6804;9535511;960
Металл;Демисезонная одежда;2358;4094464;33
Непривычный;Летняя одежда;7961;1676432;836
Низкий;Женское белье;7381;2975796;638
Рабочий;Спортивная одежда;7009;1367698;246
Дружно;Демисезонная одежда;5481;5650384;189
Пол;Спортивная одежда;2976;5875420;377
Горький;Детския одежда;5399;268232;966
Спорт;Зимняя одежда;6016;6818255;239
Угроза;Летняя одежда;3453;4256421;211
Райком;Мужское белье;7143;3156550;693
Ручей;Зимняя одежда;2613;2431994;563
Помимо;Демисезонная одежда;4895;3143271;72
Июнь;Демисезонная одежда;7841;2622693;212
Мера;Спортивная одежда;4242;6684800;149
За;Зимняя одежда;7668;4349590;233
Горький;Зимняя одежда;7076;8762223;376
Выраженный;Женское белье;6703;2373671;591
Аж;Летняя одежда;5020;6176803;761
Вскакивать;Мужская одежда;8152;3104175;381
Факультет;Демисезонная одежда;1326;5257325;194
Интернет;Женская одежда;5607;4387412;65
Порог;Детския одежда;4849;4656569;450
Носок;Летняя одежда;2630;2870916;40
Рот;Спортивная одежда;5987;1099325;833
Космос;Летняя одежда;1620;7428558;145
Бровь;Летняя одежда;9099;1182686;220
Домашний;Детския одежда;3153;9731147;284
Неправда;Женская одежда;7914;1468200;520
Провинция;Мужское белье;8499;7086792;138
Еврейский;Зимняя одежда;8872;3421833;748
Угроза;Спортивная одежда;3695;6460147;711
Изменение;Мужская одежда;9168;7059861;943
Расстройство;Демисезонная одежда;5451;1752241;996
Трубка;Мужское белье;2464;1183857;784
Научить;Женская одежда;866;5095230;212
Выражение;Мужское белье;7869;1983919;516
Дьявол;Спортивная одежда;3580;8458057;719
Непривычный;Летняя одежда;8250;4723563;226
Похороны;Мужское белье;8894;1433126;141
Инструкция;Демисезонная одежда;7888;1882118;10
Выбирать;Женское белье;7635;5594916;366
Лапа;Женское белье;7927;8602645;932
Жить;Мужское белье;4776;6577964;218
Экзамен;Демисезонная одежда;6712;8466585;31
Витрина;Мужское белье;7476;234774;98
Терапия;Спортивная одежда;9725;8387328;980
Задрать;Демисезонная одежда;7179;7037952;634
Грустный;Зимняя одежда;3922;1526426;595
Заведение;Детския одежда;5582;8101116;163
Стакан;Демисезонная одежда;136;1891025;471
Школьный;Женская одежда;9232;381601;219
Тысяча;Демисезонная одежда;7858;87903;33
Доставать;Женская одежда;8875;6929579;416
Пропасть;Мужское белье;1879;5767349;849
Спешить;Женское белье;6641;2524296;213
Указанный;Спортивная одежда;4772;5550521;491
Пламя;Демисезонная одежда;2491;3507965;889
Головка;Демисезонная одежда;8242;8975394;633
Прошептать;Демисезонная одежда;8738;7768858;250
Исследование;Демисезонная одежда;9528;5038225;48
Парень;Летняя одежда;6815;9114968;177
Естественный;Детския одежда;2675;8804059;856
Разнообразный;Детския одежда;1288;3153216;925
Миг;Зимняя одежда;1065;9339593;511
Пятеро;Летняя одежда;7892;2980185;550
Кожа;Женская одежда;6268;3136560;602
Сопровождаться;Демисезонная одежда;1024;7680575;843
Сустав;Женская одежда;3083;3622042;35
Следовательно;Женская одежда;900;7052342;485
Степь;Летняя одежда;2496;2664580;833
Четко;Мужская одежда;4610;9929073;695
Каюта;Женская одежда;5779;4001303;729
Вчера;Спортивная одежда;1819;2411727;386
Встать;Мужское белье;4739;1840742;546
Мера;Демисезонная одежда;4459;2838170;601
Хотеть;Летняя одежда;923;1966212;349
Деловой;Женская одежда;7404;9053775;704
Дремать;Демисезонная одежда;9333;5452292;45
Хлеб;Детския одежда;6500;8921130;585
Реклама;Летняя одежда;8534;3442197;159
Роса;Мужское белье;740;321628;454
Кпсс;Летняя одежда;5894;911175;53
Командование;Летняя одежда;655;6105720;514
Левый;Детския одежда;6492;2210965;566
Парень;Детския одежда;9521;8121740;549
Применяться;Демисезонная одежда;2668;8806547;101
Июнь;Мужское белье;3361;7080901;871
Пятеро;Демисезонная одежда;6137;6014726;396
Пространство;Женская одежда;9125;8785943;781
Предоставить;Женская одежда;1116;4182001;695
Тысяча;Мужское белье;8387;805490;863
Трубка;Детския одежда;1713;2603055;840
Собеседник;Спортивная одежда;4945;9053769;393
Райком;Летняя одежда;7497;4979046;943
Аллея;Демисезонная одежда;2149;4763633;818
Вообще;Детския одежда;7715;107711;990
Рай;Спортивная одежда;2506;7951047;956
Вперед;Женская одежда;7934;5927155;775
Расстегнуть;Демисезонная одежда;7225;3862558;544
Дремать;Летняя одежда;1239;7002372;877
Приятель;Спортивная одежда;1760;7095706;991
Перебивать;Детския одежда;6678;7873720;61
Роскошный;Спортивная одежда;8621;4872409;245
Сверкать;Мужское белье;4957;3358992;667
Научить;Демисезонная одежда;3044;7014768;577
Художественный;Демисезонная одежда;3141;6973637;944
Вчера;Мужская одежда;1603;8385748;33
Картинка;Демисезонная одежда;7804;7510654;483
Исследование;Зимняя одежда;2345;4095070;467
Неожиданный;Женская одежда;1463;5182827;844
Забирать;Женская одежда;7283;7288000;493
Место;Мужское белье;3496;8451464;217
Вариант;Демисезонная одежда;9375;7255774;507
Палата;Женская одежда;5335;5283253;142
Настать;Демисезонная одежда;4570;3937405;73
Космос;Летняя одежда;3441;5797525;122
Лиловый;Летняя одежда;3409;3710482;193
Советовать;Женское белье;6987;9314089;864
Деловой;Женское белье;8235;8347202;748
Функция;Зимняя одежда;144;4816611;916
Труп;Детския одежда;1766;2683290;593
Падать;Женская одежда;9073;9210648;917
Одиннадцать;Спортивная одежда;3569;2690229;542
Аж;Демисезонная одежда;9362;2119361;57
Добиться;Демисезонная одежда;1526;7767613;460
Мотоцикл;Демисезонная одежда;8922;1416144;709
Спалить;Мужская одежда;6075;6935175;665
Карандаш;Летняя одежда;9672;3970513;165
Ремень;Мужское белье;4481;7679849;315
Исполнять;Зимняя одежда;2488;1611643;340
Багровый;Летняя одежда;5762;2297682;959
Природа;Летняя одежда;1256;3302992;669
Витрина;Демисезонная одежда;2919;1582934;732
Выгнать;Детския одежда;395;5211639;646
Изменение;Женская одежда;7053;8186726;643
Боец;Детския одежда;5920;4453025;216
Тревога;Мужская одежда;616;8719608;555
Голубчик;Мужское белье;8849;1428693;220
Человечек;Детския одежда;3673;7021926;61
Правый;Летняя одежда;2175;463858;177
Магазин;Летняя одежда;4105;3390604;317
Господь;Зимняя одежда;8109;2911040;444
Применяться;Зимняя одежда;3931;3393888;520
Июнь;Женская одежда;3688;9162639;322
Ныне;Демисезонная одежда;6266;5138780;760
Труп;Демисезонная одежда;2744;7564078;804
Еврейский;Детския одежда;3656;2311248;296
Мучительно;Мужская одежда;3937;9167277;754
Поезд;Мужское белье;1561;5676143;60
Полностью;Летняя одежда;4201;643397;814
Посидеть;Мужское белье;3995;2529346;868
Болото;Мужская одежда;1915;7385416;2
Табак;Мужская одежда;1915;8787878;813
Задержать;Демисезонная одежда;4987;864837;172
Бабочка;Женская одежда;8174;6755611;981
Правление;Детския одежда;6395;8367637;481
Князь;Женское белье;249;2464428;182
Наткнуться;Демисезонная одежда;6498;6367829;721
Лиловый;Демисезонная одежда;1141;525048;275
Термин;Спортивная одежда;5876;8395952;912
Крыса;Спортивная одежда;7328;9642397;495
Порода;Женское белье;4999;7543750;156
Достоинство;Спортивная одежда;4849;5564031;312
Четыре;Летняя одежда;2321;9073416;955
Провинция;Зимняя одежда;291;5097516;600
Карандаш;Демисезонная одежда;7925;6812691;847
Торговля;Спортивная одежда;9197;8745320;892
Интернет;Зимняя одежда;8222;8907900;782
Разнообразный;Демисезонная одежда;5769;7839109;224
Карман;Мужское белье;1548;9764174;938
Деловой;Демисезонная одежда;6653;2805526;451
Сынок;Демисезонная одежда;1787;1823485;101
Приходить;Женское белье;8146;9504868;18
Смеяться;Демисезонная одежда;5519;155968;538
Дыхание;Мужская одежда;7697;571902;542
Приличный;Мужская одежда;5685;9108422;70
Уточнить;Демисезонная одежда;2991;1801748;681
Сходить;Спортивная одежда;2959;8807649;167
Решетка;Женская одежда;7339;2809750;502
Мгновение;Летняя одежда;1110;3728460;992
Неудобно;Детския одежда;671;3881832;390
Падаль;Детския одежда;9735;5054994;127
При;Женское белье;8170;170885;398
Присесть;Детския одежда;4024;1868235;720
Госпожа;Женская одежда;9843;8141171;705
Мелочь;Летняя одежда;8242;5693961;577
Отъезд;Летняя одежда;9046;7409237;484
Мимо;Спортивная одежда;6438;1861789;345
Падаль;Демисезонная одежда;989;548444;274
Запретить;Зимняя одежда;7147;4116540;930
Полевой;Демисезонная одежда;3457;8854189;387
Цепочка;Детския одежда;5581;1219952;783
Дрогнуть;Демисезонная одежда;463;5141843;864
Смеяться;Демисезонная одежда;4333;9755756;178
Господь;Мужская одежда;2768;3722228;800
Валюта;Зимняя одежда;3315;5124053;314
Провал;Женское белье;1629;9221380;631
Присесть;Мужская одежда;8190;5807378;208
Еврейский;Летняя одежда;7874;9101014;829
Дошлый;Демисезонная одежда;947;4265730;679
Стакан;Спортивная одежда;7090;6684772;291
Поймать;Демисезонная одежда;4425;5831059;291
Ручей;Летняя одежда;9096;9150138;460
Роскошный;Мужское белье;8397;2269093;760
Провал;Демисезонная одежда;5168;210306;811
Оборот;Женская одежда;4818;6981962;405
Дыхание;Мужская одежда;533;2086164;888
Невозможно;Женское белье;7991;5371151;971
Низкий;Демисезонная одежда;3059;6289325;241
Дыхание;Демисезонная одежда;1200;1974445;813
Крутой;Мужское белье;6126;3598981;364
Избегать;Летняя одежда;6891;3310766;897
Секунда;Детския одежда;8744;8990182;284
Мимо;Женская одежда;3074;702727;174
Прелесть;Женская одежда;5424;8354895;181
Очутиться;Мужское белье;1870;8648487;403
Руководитель;Демисезонная одежда;7258;9307718;99
Угроза;Мужское белье;1379;9884855;923
Палец;Зимняя одежда;6872;7946775;64
Эпоха;Женская одежда;9851;7374833;641
Палец;Мужская одежда;890;1313618;405
Расстройство;Женская одежда;2264;8963953;732
Появление;Женское белье;3952;5945160;544
Изображать;Детския одежда;6589;7525954;28
Запеть;Женское белье;5536;9229694;961
Монета;Детския одежда;7368;6779595;4
Понятный;Зимняя одежда;2247;4736530;124
Цепочка;Зимняя одежда;2347;5076487;64
Бровь;Мужская одежда;7709;8770132;215
Устройство;Женская одежда;8306;5841077;694
Теория;Женская одежда;524;9928196;538
Пастух;Зимняя одежда;1243;1641868;692
Спичка;Мужская одежда;1393;1239862;493
Исследование;Женская одежда;686;111453;497
Палка;Летняя одежда;3467;944966;867
Очередной;Демисезонная одежда;2442;5290856;339
Близко;Демисезонная одежда;5319;3370590;982
Ведь;Зимняя одежда;886;9852892;115
Металл;Мужская одежда;2695;8677752;611
Реклама;Мужское белье;9122;4386197;150
Мучительно;Мужское белье;9363;3506704;795
Отметить;Детския одежда;3509;8378834;228
Отдел;Детския одежда;688;4108877;140
Собеседник;Детския одежда;7872;5299533;96
Плод;Демисезонная одежда;4419;3880595;119
Дремать;Зимняя одежда;4822;3754204;172
Пятеро;Мужская одежда;4340;459294;373
Помимо;Женская одежда;3674;8001818;390
Ярко;Женское белье;268;5375827;774
Протягивать;Зимняя одежда;5407;1838439;939
Мелькнуть;Демисезонная одежда;138;1949874;138
Белье;Зимняя одежда;1897;8935485;771
Ученый;Женская одежда;9492;1417887;11
Сынок;Мужское белье;4059;9338733;325
Даль;Спортивная одежда;2267;9990517;344
Провал;Демисезонная одежда;9867;8565916;229
Вздрагивать;Мужская одежда;789;5800994;550
Невозможно;Демисезонная одежда;2857;1711450;748
Неправда;Детския одежда;8825;6382213;206
Кожа;Женская одежда;2770;436795;511
Помолчать;Женское белье;4708;6102842;427
Подземный;Летняя одежда;4787;3546133;895
Устройство;Женское белье;1346;1577572;769
Расстегнуть;Детския одежда;9285;8339012;742
Миллиард;Мужская одежда;5527;7258586;630
Неудобно;Мужское белье;7862;2397663;139
Материя;Спортивная одежда;5068;6698967;908
Полевой;Мужское белье;4790;1277673;830
Исследование;Спортивная одежда;3618;8696319;103
Засунуть;Мужское белье;3819;6194503;929
Низкий;Спортивная одежда;6612;8044553;197
Господь;Летняя одежда;2748;5655540;374
Научить;Спортивная одежда;1869;4226254;305
Избегать;Мужская одежда;3358;3090741;302
Танцевать;Женская одежда;7409;2977993;395
Издали;Мужское белье;1257;7477797;189
Зеленый;Детския одежда;4403;3235508;54
Чем;Демисезонная одежда;4988;7215564;952
Солнце;Женская одежда;2312;969489;266
Трубка;Мужское белье;2396;982774;991
А;Женское белье;7229;723433;32
Невозможно;Демисезонная одежда;9039;8567824;125
Основание;Женская одежда;7374;9246168;580
Сустав;Мужское белье;7751;6389362;443
Сомнительный;Зимняя одежда;4913;3890591;61
Некоторый;Демисезонная одежда;661;655646;629
Еврейский;Летняя одежда;3547;7548601;170
Эпоха;Детския одежда;9047;6945002;875
Видимо;Демисезонная одежда;9674;6652802;454
Трясти;Мужское белье;9421;7803934;435
Даль;Демисезонная одежда;4868;5992913;867
Выразить;Летняя одежда;4235;6940853;82
Спорт;Демисезонная одежда;543;9788279;608
Смертельный;Зимняя одежда;4862;4954163;501
Строительство;Женская одежда;9437;7074570;397
Пространство;Женское белье;3506;4149257;849
Зарплата;Летняя одежда;7392;674722;315
Спорт;Мужская одежда;7245;1472656;24
Покидать;Мужское белье;3383;5469993;315
Белье;Женское белье;6226;8535635;268
Тревога;Женское белье;981;6107180;132
Рабочий;Летняя одежда;3354;4668186;833
Следовательно;Мужское белье;2119;458411;518
Юный;Мужская одежда;5908;1882277;268
Блин;Зимняя одежда;596;8080095;900
Рота;Демисезонная одежда;1830;1322132;365
Демократия;Демисезонная одежда;3961;6570195;293
Написать;Женское белье;6788;8008917;48
Приятель;Зимняя одежда;2731;8869338;378
Металл;Зимняя одежда;4497;4872352;271
Медицина;Демисезонная одежда;9160;4246686;20
Чувство;Спортивная одежда;8364;360692;438
Сутки;Спортивная одежда;309;3941825;241
Народ;Мужская одежда;8741;5286204;40
Куча;Демисезонная одежда;1767;325510;606
Дурацкий;Женская одежда;6327;299362;972
Инвалид;Летняя одежда;5952;1226861;894
Вытаскивать;Спортивная одежда;4540;5558358;538
Равнодушный;Мужское белье;9061;9128674;185
Художественный;Женское белье;2929;4680270;837
Страсть;Спортивная одежда;6358;2841525;363
Палка;Демисезонная одежда;2754;909966;973
Равнодушный;Летняя одежда;3182;6138657;425
Космос;Женское белье;3382;8393257;875
Доставать;Детския одежда;1681;7281514;92
Исследование;Детския одежда;1516;2506787;27
Покинуть;Мужская одежда;4692;8913595;252
Изменение;Зимняя одежда;3953;7729960;681
Прелесть;Зимняя одежда;5804;834019;76
Район;Спортивная одежда;1752;7357816;440
Народ;Летняя одежда;8836;2666333;316
Упор;Летняя одежда;6849;4016475;447
Видимо;Мужская одежда;4904;1734838;711
Полностью;Детския одежда;4645;1699360;883
Засунуть;Мужское белье;7223;4693646;836
Прежний;Демисезонная одежда;7171;8255321;721
Болото;Зимняя одежда;8741;4101048;549
А;Летняя одежда;8686;4582271;423
Присесть;Детския одежда;3180;5550031;400
Иной;Мужская одежда;5714;1462428;620
Кузнец;Мужское белье;2603;2581390;708
Посидеть;Летняя одежда;4711;6927742;538
Смелый;Спортивная одежда;6982;587929;860
Руководитель;Мужская одежда;7710;6099354;329
Означать;Зимняя одежда;2965;9202978;257
Доставать;Женская одежда;9334;9727162;722
Дыхание;Спортивная одежда;7797;3718309;855
Заработать;Мужское белье;1576;2635223;46
Отдел;Летняя одежда;4953;491194;980
Конструкция;Женская одежда;7714;2662110;246
Эпоха;Демисезонная одежда;4265;6967976;79
Мусор;Зимняя одежда;7900;1598442;625
Счастье;Демисезонная одежда;7428;7907866;275
Ломать;Женское белье;3260;9852310;51
Пастух;Спортивная одежда;2799;7451437;467
Инфекция;Мужская одежда;8764;3465631;864
Еврейский;Детския одежда;6332;5181989;363
Чем;Зимняя одежда;5882;9520113;28
Слишком;Мужское белье;5824;4749714;873
Означать;Демисезонная одежда;6484;2876769;970
Сустав;Мужская одежда;4954;3555938;658
Даль;Зимняя одежда;477;9416266;740
Пасть;Женская одежда;2556;3998782;543
Выгнать;Женская одежда;2824;6291066;348
Палата;Демисезонная одежда;2242;6607686;590
Что;Спортивная одежда;119;6862312;93
Вообще;Демисезонная одежда;781;4838816;867
Спорт;Женская одежда;6224;5980423;1
Возмутиться;Детския одежда;1669;7076244;619
Ставить;Демисезонная одежда;1741;4821674;194
Потрясти;Женское белье;720;6249357;717
Прежде;Женское белье;3984;8245269;101
Дружно;Демисезонная одежда;8167;5899714;929
Зима;Летняя одежда;1983;1540018;344
Умолять;Мужская одежда;9531;5050956;369
Ответить;Женское белье;7873;4780604;186
Светило;Детския одежда;1210;4889837;124
Плясать;Летняя одежда;2217;6658242;144
Поезд;Демисезонная одежда;3553;9812394;297
Выражение;Летняя одежда;289;8992527;298
Спорт;Мужская одежда;4995;3297302;298
Задержать;Женское белье;4430;3049518;691
Анализ;Женское белье;2556;558953;800
Коллектив;Демисезонная одежда;414;7327454;774
Дрогнуть;Спортивная одежда;8748;1527543;442
Нервно;Зимняя одежда;4627;7761935;38
Вывести;Зимняя одежда;4680;3120835;387
Нож;Зимняя одежда;9981;1212761;211
Командующий;Женская одежда;2954;8553435;644
Оборот;Мужское белье;5583;623540;928
Выгнать;Зимняя одежда;5521;4598928;900
Спешить;Зимняя одежда;7808;8881124;68
Желание;Мужская одежда;5642;6299609;907
Провинция;Спортивная одежда;1290;8848698;190
Человечек;Мужское белье;1336;1868546;626
Команда;Мужское белье;7151;3843898;574
Очутиться;Летняя одежда;9137;1588049;249
Налоговый;Летняя одежда;3781;2269696;239
Оставить;Демисезонная одежда;6544;7740768;374
Коробка;Мужская одежда;2757;142946;970
Монета;Мужская одежда;6379;8585149;914
Бак;Демисезонная одежда;5716;5085177;530
Отдел;Демисезонная одежда;4955;1391349;411
Покидать;Демисезонная одежда;4992;4910015;2
Отъезд;Мужская одежда;6659;4960469;351
Академик;Спортивная одежда;4676;1866605;506
Изредка;Детския одежда;8551;5582994;216
Порт;Демисезонная одежда;651;987870;844
Ученый;Мужская одежда;5685;1315152;156
Рот;Мужское белье;9707;1168467;15
Материя;Женское белье;5135;9868173;836
Командование;Демисезонная одежда;4984;7392215;304
Трясти;Мужское белье;6827;7191798;838
Угроза;Женское белье;2936;8805818;345
Передо;Спортивная одежда;8303;4703473;921
Место;Детския одежда;7167;6971502;788
Труп;Зимняя одежда;3528;3276756;579
Рис;Мужская одежда;7892;8791898;467
Отражение;Мужская одежда;6878;6794951;552
Теория;Детския одежда;3727;9608627;645
Волк;Женская одежда;8311;8894296;101
Головной;Демисезонная одежда;4220;1567740;520
Ставить;Демисезонная одежда;8831;8767873;420
Выкинуть;Женская одежда;3209;3091223;474
Граница;Женское белье;4672;2708331;168
При;Летняя одежда;6926;4420786;653
Войти;Летняя одежда;1212;2591635;28
Адвокат;Детския одежда;979;3818333;713
Да;Летняя одежда;6966;4142864;832
Запеть;Женское белье;1287;7482843;227
Решение;Женская одежда;2866;5297703;92
Степь;Мужское белье;2515;9600884;676
Факультет;Детския одежда;521;2645245;785
Белье;Летняя одежда;7547;260075;815
Подземный;Спортивная одежда;6773;9467386;153
Девка;Мужская одежда;3691;8377908;781
Народ;Демисезонная одежда;9531;1262337;303
Выражение;Спортивная одежда;3435;285935;834
Возникновение;Летняя одежда;5114;3390824;354
Темнеть;Летняя одежда;6276;1921554;806
Приятель;Мужская одежда;3918;4060475;714
Пламя;Летняя одежда;8051;7172699;494
Виднеться;Детския одежда;7305;8463282;365
Полоска;Демисезонная одежда;9439;3087996;671
Триста;Женская одежда;5899;4362305;689
Покинуть;Демисезонная одежда;6330;5947679;873
Вряд;Мужская одежда;6175;4447488;258
Да;Спортивная одежда;6032;3559354;172
Построить;Демисезонная одежда;1760;990900;577
Новый;Летняя одежда;1838;61433;759
Невыносимый;Мужская одежда;2776;1624294;88
Издали;Мужская одежда;6634;2611921;964
Затянуться;Летняя одежда;9490;1310420;944
Отъезд;Женская одежда;3448;9644326;399
Потрясти;Мужская одежда;2822;6073038;555
При;Детския одежда;2733;6434534;848
Вариант;Детския одежда;8283;6746952;335
Поздравлять;Зимняя одежда;2455;6082941;439
Витрина;Женское белье;8843;4831436;993
Около;Мужская одежда;483;9553968;471
Некоторый;Женское белье;6026;8227294;479
Выдержать;Зимняя одежда;805;1205269;117
А;Демисезонная одежда;6352;4354946;78
Выражение;Спортивная одежда;9336;4002982;270
Дыхание;Женское белье;7605;6038951;499
Точно;Спортивная одежда;7879;6020285;265
Уронить;Мужское белье;3592;9328095;193
Коммунизм;Детския одежда;4671;502646;949
Доставать;Демисезонная одежда;874;1284801;650
Важный;Летняя одежда;4297;1880037;949
Возникновение;Зимняя одежда;664;5010785;569
Мгновение;Женская одежда;3224;11485;624
Дорогой;Мужская одежда;5597;5542457;846
Приятель;Спортивная одежда;2791;3700361;441
Плод;Мужское белье;9378;3106087;435
Блин;Женская одежда;4516;8712618;971
Чем;Демисезонная одежда;1277;8882359;412
При;Женское белье;2202;9326356;900
Бегать;Спортивная одежда;272;1795339;634
Тысяча;Мужская одежда;4206;1641406;975
Экзамен;Мужское белье;3447;3966483;614
Жидкий;Летняя одежда;6720;7590033;933
Результат;Мужская одежда;3756;526900;847
Факультет;Зимняя одежда;6508;8636826;420
Сопровождаться;Женская одежда;1239;7051635;10
Инструкция;Демисезонная одежда;418;4203126;655
Ребятишки;Демисезонная одежда;4048;1519070;130
Экзамен;Спортивная одежда;136;3074348;557
Бровь;Зимняя одежда;4262;818670;305
Избегать;Детския одежда;9455;7695639;379
Четко;Мужская одежда;9517;5390185;203
Эпоха;Демисезонная одежда;4626;9149500;797
Нервно;Спортивная одежда;483;5195977;13
Тусклый;Спортивная одежда;824;5372013;215
Что;Зимняя одежда;9902;9275702;177
Отражение;Зимняя одежда;8841;3566590;71
Тута;Демисезонная одежда;7313;9609106;7
Одиннадцать;Мужская одежда;3521;8587890;388
Смертельный;Демисезонная одежда;7884;7921183;891
Даль;Демисезонная одежда;4299;6059798;885
Сынок;Женская одежда;5469;1611869;855
Бетонный;Демисезонная одежда;101;5551517;870
Монета;Демисезонная одежда;5173;4624217;8
Ведь;Мужская одежда;2007;8879105;825
Одиннадцать;Женское белье;2263;1682038;306
Слишком;Зимняя одежда;9600;7139973;165
Выражение;Детския одежда;4357;7188500;784
Бочок;Спортивная одежда;8434;3871125;741
Выкинуть;Демисезонная одежда;6027;9666526;506
Мимо;Детския одежда;8340;4748761;423
Труп;Демисезонная одежда;6736;2906190;824
Пасть;Детския одежда;8031;2139366;377
Палец;Демисезонная одежда;4586;5395675;439
Второй;Спортивная одежда;8089;3100524;214
Ломать;Детския одежда;3873;6353147;872
Потом;Мужская одежда;6592;9863065;692
Роса;Летняя одежда;7740;698687;309
Остановить;Демисезонная одежда;2365;3671812;682
Стакан;Демисезонная одежда;4058;5241104;901
Один;Зимняя одежда;9110;7486174;247
Степь;Демисезонная одежда;8676;9947858;520
Единый;Женское белье;8591;1184383;435
Бак;Демисезонная одежда;7284;1552786;175
Пересечь;Мужское белье;915;8883676;771
Хлеб;Демисезонная одежда;328;4657389;405
Упор;Детския одежда;7794;1795875;923
Очередной;Демисезонная одежда;9896;9232383;302
Направо;Демисезонная одежда;2438;8690622;986
Солнце;Мужская одежда;1005;3261337;805
Палка;Детския одежда;922;9638479;232
Парень;Детския одежда;2188;5913666;83
Неудобно;Спортивная одежда;9287;4953154;894
Плавно;Летняя одежда;3187;9171011;773
Порт;Мужское белье;3982;3251996;649
Единый;Мужское белье;1151;4421885;871
Освободить;Зимняя одежда;255;5465317;668
Задержать;Мужская одежда;2985;395687;47
Лапа;Мужская одежда;5918;785119;640
Передо;Детския одежда;4865;9101065;87
Художественный;Летняя одежда;6775;6802867;253
Пространство;Женское белье;5379;3732423;451
Девка;Демисезонная одежда;1252;4300971;929
Запеть;Женская одежда;2739;4665186;722
Мера;Спортивная одежда;6137;3903429;743
Провинция;Женская одежда;3395;1839826;619
Зачем;Спортивная одежда;990;8464849;916
Равнодушный;Демисезонная одежда;1658;9039745;711
Невыносимый;Демисезонная одежда;6257;5404537;562
Прощение;Демисезонная одежда;9993;9924245;988
Налево;Женская одежда;4700;8191631;492
При;Зимняя одежда;3001;427989;459
Иной;Демисезонная одежда;8097;3632289;183
Советовать;Детския одежда;6059;8663415;933
Решетка;Демисезонная одежда;797;6270040;413
Нервно;Демисезонная одежда;5599;9246480;591
Самостоятельно;Летняя одежда;9215;6230204;47
Нож;Женское белье;6680;3120204;725
Мера;Спортивная одежда;9728;4610015;584
Полоска;Демисезонная одежда;291;9439472;355
Освободить;Женское белье;5470;8177910;477
Решение;Демисезонная одежда;1454;3273416;727
Тусклый;Демисезонная одежда;4363;8083856;340
Ярко;Демисезонная одежда;8293;2641171;388
Нож;Демисезонная одежда;7916;4444764;667
Пропадать;Спортивная одежда;6629;9898248;646
Мальчишка;Детския одежда;1134;1491923;596
Грустный;Зимняя одежда;6576;3418440;454
Настать;Летняя одежда;8634;6629796;840
Деньги;Женская одежда;7156;830104;727
Грудь;Женское белье;8274;56002;689
Заплакать;Детския одежда;3176;9018238;54
Дошлый;Детския одежда;672;115785;501
Слать;Демисезонная одежда;3884;4117887;76
Девка;Демисезонная одежда;3490;4132500;355
Сустав;Мужская одежда;5912;880816;274
Табак;Мужская одежда;1136;1549933;718
Видимо;Мужское белье;5156;4052089;639
Фонарик;Зимняя одежда;8296;7377510;171
Космос;Демисезонная одежда;106;7424510;207
Пастух;Зимняя одежда;7992;7269295;612
Исполнять;Демисезонная одежда;1156;1270699;478
Уничтожение;Демисезонная одежда;9934;8295443;673
Спасть;Женское белье;7199;4262220;572
Князь;Женская одежда;9707;1305682;128
