id;name_company;country;date_of_create;id_manager
1;АО «Рогов»;Алжир;1947;696
2;ООО «Горбунов, Большакова и Филиппов»;Тунис;1914;457
3;Мария-Ра;Ливия;1993;547
4;Афанасьев Лтд;Мьянма;1908;482
5;АО «Панфилова-Шубин»;Сент-Китс и Невис;1963;998
6;Воронцова и партнеры;Центральноафриканская Республика;1965;843
7;НПО «Сазонов-Игнатьева»;Иордания;1942;812
8;ИП «Вишнякова Евдокимов»;Бахрейн;1986;652
9;ОАО «Панова, Филиппов и Владимиров»;Марокко;1933;247
10;Григорьев Инк;Руанда;1948;357
11;НПО «Горбачева-Сидорова»;Бурунди;1963;609
12;Блинов и партнеры;Бразилия;1948;736
13;ИП «Боброва»;Ирак;1978;146
14;НПО «Королева-Пестова»;Камбоджа;1957;877
15;АО «Аксенова-Александрова»;КНДР;1936;227
16;Миронов и партнеры;Колумбия;1961;820
17;АО «Молчанов»;Канада;1996;772
18;НПО «Исакова, Крюков и Самойлов»;Швейцария;1966;122
19;ЗАО «Антонова»;Монголия;1986;673
20;АО «Силина, Рогова и Агафонова»;Сенегал;1998;713
21;Мосинжпроект;Эфиопия;1933;587
22;РАО «Антонов Ширяева»;Узбекистан;1969;187
23;ДК Рус;Гвинея;2003;978
24;Юг-Нефтепродукт;Словакия;1936;889
25;СДС Азот;Египет;1935;229
26;ОАО «Савельева, Романов и Блохин»;Доминиканская Республика;1976;788
27;АО «Колесникова»;Белоруссия;1902;756
28;Юдин Групп;Маршалловы Острова;1934;835
29;НПО «Морозов, Богданова и Силин»;Сейшельские Острова;1936;1
30;НПО «Пономарева»;Бахрейн;2019;991
31;РАО «Силина, Герасимов и Цветков»;Новая Зеландия;1954;811
32;ЗАО «Кудряшова-Кононов»;Оман;2013;475
33;ОАО «Филиппова Цветков»;Бразилия;1917;112
34;ООО «Кириллов»;Венгрия;1949;974
35;Князев и партнеры;Сент-Китс и Невис;1978;859
36;ООО «Ильин-Исаева»;Кувейт;1965;524
37;НПО «Маслова-Дмитриев»;Таиланд;1909;681
38;НПО «Морозова-Селиверстов»;Тувалу;1955;350
39;ДСК Автобан;Румыния;2003;623
40;РАО «Гущин Самсонова»;Монако;1928;69
41;НПО «Кудрявцев Прохорова»;Сент-Винсент и Гренадины;1954;370
42;ЗАО «Чернов»;Восточный Тимор;1986;943
43;НПО «Наумов, Копылов и Савельев»;Туркмения;2008;356
44;ОАО «Аксенов Кириллов»;Барбадос;1974;685
45;DDS;Румыния;1907;394
46;Козлов и партнеры;Сомали;1981;786
47;ОАО «Красильникова»;Швейцария;2007;776
48;Пахомов Лтд;Индия;1931;632
49;ЗАО «Артемьев»;Молдавия;2002;825
50;Евдокимов Инк;Мали;1917;680
51;Рябова Инк;Белоруссия;2004;928
52;Дмитриев Инкорпорэйтед;Сенегал;1977;940
53;Лазарев Лимитед;Ямайка;1933;640
54;Филиппов Лтд;Гвинея;1912;582
55;Ефремова Групп;Тонга;2008;611
56;ИП «Третьякова-Смирнова»;Республика Конго;2005;762
57;ООО «Соболева, Хохлова и Мартынов»;Экваториальная Гвинея;2010;648
58;Аксенова Инк;Кирибати;1920;67
59;РАО «Кондратьева-Носова»;Швеция;1979;523
60;Шубин Инкорпорэйтед;Сент-Винсент и Гренадины;1905;492
61;ЗАО «Жданов, Дмитриев и Калашников»;Сан-Томе и Принсипи;1983;295
62;ЗАО «Чернов-Комиссарова»;Коста-Рика;2006;6
63;Кари;Бельгия;1978;965
64;ООО «Устинов-Орлова»;Болгария;1996;836
65;Сорокина Лтд;Ливия;2017;34
66;РАО «Горбачева Емельянов»;Сент-Китс и Невис;1996;408
67;Русэнергоресурс;Азербайджан;1990;317
68;ООО «Кабанова, Нестеров и Егорова»;Греция;1950;947
69;РАО «Кулагин»;Мозамбик;1912;440
70;НПО «Кабанова»;Центральноафриканская Республика;1932;393
71;ИП «Ершов»;Науру;2016;501
72;ОАО «Харитонов»;Танзания;2008;585
73;Концерн Титан-2;Кабо-Верде;1998;657
74;ЗАО «Иванов»;Куба;1930;319
75;АО «Калинина Карпова»;Мальдивы;2014;817
76;Пахомова и партнеры;Монако;1926;73
77;ЗАО «Беляев-Терентьева»;Сенегал;1953;917
78;Ренейссанс Констракшн (Ronesans Holding Anonim Sirketi);Палау;1914;890
79;ОАО «Кудряшова, Ермакова и Самсонова»;Чехия;1905;417
80;ООО «Васильева-Лихачева»;Джибути;2014;569
81;Мария-Ра;Маршалловы Острова;1957;708
82;Бобылева Групп;Босния и Герцеговина;1957;252
83;ИП «Лобанова, Ермаков и Исаева»;Индия;1993;692
84;Лебедева Инк;Дания;1924;679
85;АО «Моисеев-Цветкова»;Гвинея-Бисау;2004;413
86;ЗАО «Данилов Уваров»;ЮАР;1950;396
87;НПО «Агафонов»;Шри-Ланка;1915;970
88;Ланит;Бруней;1912;113
89;Неофарм;Иордания;1951;110
90;ООО «Павлов-Егоров»;Ямайка;1960;341
91;НПО «Терентьева»;Того;2013;36
92;Рогов Инкорпорэйтед;Лесото;1982;141
93;РАО «Симонов Антонов»;Нигер;1967;514
94;АО «Артемьева»;Мадагаскар;2011;287
95;ОАО «Фокин»;Доминика;1952;511
96;ОАО «Богданова»;Сент-Винсент и Гренадины;1912;414
97;ЛУКОЙЛ;Индонезия;1955;908
98;ОАО «Колобова Абрамова»;Ботсвана;1927;583
99;ИП «Веселова-Логинова»;Гаити;2017;850
100;ЗАО «Ершов-Терентьева»;Узбекистан;1909;963
101;Главное управление обустройства войск (ГУОВ);Катар;1945;385
102;ЗАО «Никитин-Силин»;Боливия;2001;236
103;АО «Рогова-Щербакова»;Эстония;1971;879
104;Пономарева Лимитед;Португалия;1975;144
105;Автозаправочные комплексы Atan;Мозамбик;1961;196
106;АО «Цветков Панфилов»;Демократическая Республика Конго;1947;728
107;Хохлов Инк;Лесото;1938;131
108;Дементьева Групп;Папуа;1946;411
109;Автозаправочные комплексы Atan;Эритрея;1922;726
110;ОМК;Маврикий;1957;607
111;АО «Кириллова-Лазарева»;Мавритания;2001;612
112;Полиметалл;Дания;1924;563
113;Арктикгаз;Малави;1955;324
114;ИП «Попов Кошелев»;Камерун;2017;593
115;АО «Суханова-Ситников»;Узбекистан;1930;97
116;ООО «Корнилов Щербаков»;Мали;1963;912
117;ОАО «Дмитриева Горбачева»;Кабо-Верде;2010;286
118;НПО «Макарова»;Япония;1911;921
119;Кимберли-Кларк (Kimberly-Clark);Туркмения;1971;718
120;ИП «Александров»;ОАЭ;1912;244
121;ЗАО «Федоров, Селезнева и Евдокимов»;Суринам;1963;318
122;РАО «Зайцева-Ларионова»;Босния и Герцеговина;1907;544
123;РАО «Ершов-Горшкова»;Малави;1903;842
124;ОАО «Горбунов-Дроздов»;Бангладеш;1919;125
125;Авилон АГ;Люксембург;1922;793
126;Беляков Инкорпорэйтед;Чад;1950;853
127;НПО «Красильникова, Дементьев и Комаров»;Монако;1996;143
128;НПО Алмаз;Эсватини;1921;358
129;ООО «Матвеева Ершова»;Нидерланды;2015;690
130;НПО «Кошелева, Терентьева и Михайлова»;Израиль;1962;325
131;ЗАО «Маслов»;Сан-Томе и Принсипи;1996;804
132;ООО «Рожкова Суворов»;Вануату;1986;478
133;Калашников Инкорпорэйтед;Гвинея-Бисау;1928;601
134;Белоусов Инк;Танзания;1967;818
135;ИП «Гордеев Тихонова»;Тунис;2016;526
136;АО «Зимина»;Того;2013;624
137;ООО «Кудрявцев»;Парагвай;1966;260
138;ИП «Колобова-Медведев»;Монако;2016;383
139;АО «Наумов Алексеев»;Мозамбик;1974;508
140;ЗАО «Осипова, Горбачева и Гуляева»;Буркина-Фасо;1977;62
141;ОАО «Казаков, Агафонов и Дьячков»;Нигер;1941;984
142;ЗАО «Фомичев Игнатьев»;Коста-Рика;1941;490
143;ОАО «Калинин»;Туркмения;1967;589
144;Форд Соллерс Холдинг;Исландия;1944;768
145;ЗАО «Исаков»;Австрия;1940;207
146;РАО «Федотов»;Греция;1987;968
147;АО «Кузьмин-Бобылев»;Тувалу;2004;765
148;АО «Мельников, Кононова и Уваров»;Панама;1993;434
149;ЗАО «Белоусов, Рожков и Мухина»;Сербия;1934;429
150;Снежная Королева;Армения;1939;995
151;АО «Кудряшов»;Мальдивы;1971;447
152;ИП «Павлов, Федотова и Блинова»;Новая Зеландия;1993;460
153;Бургер Рус (Burger King);Норвегия;1947;549
154;РАО «Воробьев»;Южный Судан;2017;212
155;РАО «Воробьева»;Гвинея-Бисау;2010;954
156;ИП «Суханова»;Мьянма;1912;243
157;Кулагина Групп;Никарагуа;1905;860
158;Зуева Групп;Палау;1924;948
159;Шарапов Инкорпорэйтед;Канада;1984;421
160;Крылов Групп;Намибия;1996;722
161;ЗАО «Тарасова-Логинов»;Гана;2004;717
162;РАО «Исаков Трофимов»;Марокко;1954;345
163;ОАО «Мамонтов Мясникова»;Болгария;1978;7
164;Концерн Титан-2;Бутан;1910;952
165;ООО «Григорьева»;Туркмения;2005;888
166;РАО «Орлова Ефремов»;Барбадос;1968;721
167;АО «Аксенов-Авдеева»;Марокко;1960;432
168;АО «Кондратьев»;Мадагаскар;2001;336
169;ОАО «Сидорова»;Суринам;1997;896
170;ОАО «Артемьева»;Монголия;1981;901
171;РАО «Уваров»;Гватемала;1988;555
172;ИП «Осипов-Сидорова»;Эстония;1976;88
173;Гришина Лимитед;Джибути;1969;715
174;ОАО «Селиверстова Медведев»;Самоа;1994;637
175;Великолукский мясокомбинат;Мали;2007;616
176;ООО «Нестеров»;Соломоновы Острова;1906;533
177;НПО «Белова Дроздов»;Судан;2012;100
178;ИП «Гаврилов»;Буркина-Фасо;2013;123
179;ЗАО «Крылова, Попов и Князева»;Науру;1974;473
180;НПО «Лыткин-Лебедева»;Доминиканская Республика;1975;899
181;ОАО «Гурьева-Шарапов»;Сальвадор;1945;663
182;АО «Гущина Шестакова»;Тувалу;1971;221
183;РАО «Федотов Ковалев»;Афганистан;2009;195
184;Кока-Кола Эйчбиси Евразия (Coca-Cola);Эквадор;1958;838
185;Суворова Лимитед;Кабо-Верде;1989;505
186;Макарова Лимитед;Франция;1959;989
187;ЗАО «Королева Назаров»;Великобритания;1904;435
188;ЗАО «Лобанова, Дорофеев и Игнатова»;Доминиканская Республика;2016;851
189;ОАО «Григорьев Куликов»;Оман;1917;474
190;Горбачев Инк;Люксембург;1912;902
191;Кабанова Групп;Ямайка;1960;129
192;Кондратьева Инк;Черногория;1957;556
193;ОАО «Терентьева, Кабанов и Абрамова»;Сент-Китс и Невис;1978;61
194;ИП «Петрова, Мартынова и Виноградова»;Фиджи;1942;12
195;ИП «Герасимов, Трофимова и Гурьева»;Коста-Рика;1960;538
196;РАО «Некрасов Цветкова»;Парагвай;1976;935
197;ИП «Большаков-Сысоев»;Уганда;1982;661
198;ЗАО «Панова-Белова»;Индонезия;1978;832
199;ЗАО «Голубева»;Малайзия;1977;279
200;Эйвон Бьюти Продактс Компани (Avon);Индонезия;2004;878
201;Сибтрейд;Нидерланды;2003;795
202;ЗАО «Князев, Гордеева и Голубева»;Лихтенштейн;2016;872
203;Веселова Лимитед;Кения;1991;72
204;DDS;Сан-Марино;2009;272
205;Фомичева Инкорпорэйтед;ЮАР;1980;933
206;Нефтепродукттрейд;Катар;1965;546
207;ОАО «Николаева-Горбунов»;Эквадор;1989;671
208;Нижнекамскнефтехим;Федеративные Штаты Микронезии;1995;606
209;ООО «Шашкова Тимофеева»;Черногория;1903;128
210;Пестова Групп;Австрия;2019;52
211;Давыдов Инкорпорэйтед;Демократическая Республика Конго;1959;310
212;АО «Кулагина-Назаров»;Соломоновы Острова;1923;65
213;ЗАО «Зайцева»;Сербия;1975;238
214;Шубина и партнеры;Панама;1970;339
215;ИП «Орехов-Сафонова»;Исландия;2005;656
216;ООО «Журавлев-Назарова»;Армения;1972;856
217;АО «Шубина Гусев»;Нигерия;1956;253
218;ООО «Макаров-Орлов»;Чили;1944;905
219;ЗАО «Белов Андреев»;Мальдивы;1965;162
220;НПО «Зыкова»;Туркмения;1990;819
221;Бобров Инк;Австралия;1966;747
222;ИП «Белозерова Бурова»;Италия;1969;392
223;НПО «Орехов»;Эквадор;2003;839
224;НПО «Михайлов»;Ангола;1921;798
225;ИП «Шарова, Шестакова и Мамонтова»;Нигерия;1930;729
226;ЗАО «Белова-Антонова»;Камерун;1903;117
227;РАО «Яковлев»;Сербия;1967;377
228;РАО «Миронов, Логинов и Исаева»;Греция;1908;347
229;НПО «Селиверстов, Устинова и Никонов»;Доминиканская Республика;2017;307
230;БАСФ (BASF);Колумбия;1913;641
231;Татэнергосбыт;Сент-Китс и Невис;1956;476
232;ООО «Галкин»;Индонезия;1969;658
233;ОАО «Галкин-Панфилова»;Самоа;1981;705
234;Railgo;Бахрейн;1980;292
235;РАО «Степанова, Кудряшов и Сидорова»;Эстония;2018;500
236;РАО «Соколова-Кудряшов»;Пакистан;1939;570
237;ИП «Гаврилова»;Марокко;1902;893
238;НПО «Панова, Комаров и Гусева»;Боливия;1944;791
239;Агросила Групп;Тунис;1982;846
240;Группа Эссен;Оман;1978;382
241;ИП «Буров Филиппов»;Испания;1971;126
242;Афанасьева Групп;Тринидад и Тобаго;1951;666
243;ЗАО «Зуев, Бобылева и Орехов»;Хорватия;1970;548
244;АО «Лыткин, Егоров и Казакова»;Казахстан;1972;190
245;РАО «Стрелков, Гущина и Нестеров»;Ливия;2016;166
246;ЗАО «Яковлев Дроздова»;Великобритания;2004;4
247;Горшков Групп;Сент-Люсия;1984;781
248;РАО «Лобанова-Орехова»;Коста-Рика;2016;171
249;РАО «Кириллова-Туров»;Грузия;1977;31
250;ООО «Лапина, Андреев и Миронов»;Мальта;1904;184
251;Александров Инкорпорэйтед;Папуа;1958;258
252;АО «Евсеева, Носова и Макарова»;Афганистан;1999;803
253;АО «Самойлова, Доронин и Петрова»;Чили;1980;868
254;ОАО «Осипова, Моисеев и Филатова»;Папуа;2003;170
255;ЗАО «Блохин Панфилов»;Южный Судан;1978;416
256;РАО «Костин Бобылева»;Суринам;1977;342
257;САФМАР;Израиль;2005;881
258;ЗАО «Сысоев, Исаков и Лобанов»;Греция;1959;249
259;Борисхоф 1 (Inchcape);Багамские Острова;1998;731
260;Аксенов Инк;Центральноафриканская Республика;1902;741
261;ИП «Крюкова, Маркова и Баранова»;Сьерра-Леоне;2019;185
262;НПО «Носкова-Кириллов»;Бахрейн;1938;577
263;НПО «Устинова Сазонов»;Доминика;1982;672
264;Роберт Бош (Robert Bosch);Сьерра-Леоне;1970;426
265;ЗАО «Колесников»;Чад;1973;121
266;НПО «Пономарев Громов»;Андорра;1967;306
267;РАО «Казакова-Павлов»;Египет;1989;259
268;АО «Суворова Шилова»;Республика Конго;1920;215
269;ОАО «Фокина Чернов»;Испания;1957;208
270;ИП «Носов Крылов»;Литва;2006;13
271;Крюков Инк;Армения;1903;17
272;ИП «Стрелкова Якушева»;Мадагаскар;1988;688
273;ЗАО «Ларионов-Авдеева»;Кот-д’Ивуар;1951;988
274;ООО «Устинова-Щукина»;Эфиопия;1913;301
275;ОАО «Бобров»;Турция;1941;51
276;АО «Третьяков»;Нигер;2017;709
277;ОАО «Брагина-Фомичева»;Куба;1917;789
278;Ефремов Инкорпорэйтед;Греция;1950;572
279;Иванов Лимитед;Канада;1916;594
280;АО «Исаев»;Федеративные Штаты Микронезии;1972;303
281;ИП «Красильникова»;Испания;1932;481
282;ВО Машиноимпорт;Намибия;1971;355
283;Якобс Дау Эгбертс Рус (Jacobs Douwe Egberts);Северная Македония;1938;220
284;ЗАО «Прохорова, Филатов и Григорьева»;Демократическая Республика Конго;1986;552
285;ООО «Кабанов Трофимова»;Узбекистан;1998;257
286;ОАО «Комарова-Щукина»;Греция;2011;603
287;ООО «Родионов-Евсеева»;Сингапур;1973;794
288;Саткинский чугуноплавильный завод;США;1920;950
289;АО «Агафонов, Коновалова и Зуева»;США;2003;815
290;Швабе;Республика Корея;1964;828
291;Исакова Лимитед;Кабо-Верде;1907;178
292;Ресурс;Германия;1908;299
293;НПО «Елисеев-Тетерина»;Колумбия;1910;29
294;Архипов Инкорпорэйтед;Швеция;1988;297
295;ООО «Горбачева»;Малави;1917;667
296;ОАО «Никонова, Шарапов и Антонов»;Камбоджа;1963;845
297;РАО «Рожкова-Князева»;Экваториальная Гвинея;1948;980
298;Гуляев Инк;Ливия;1928;769
299;НПО «Русаков»;Либерия;1999;910
300;Рив Гош;Боливия;1969;23
301;Архангельский ЦБК;Марокко;1944;164
302;ООО «Копылов Виноградов»;Филиппины;1987;19
303;РАО «Устинов»;Катар;1932;554
304;НПО «Денисова»;Испания;2004;322
305;НПО «Горбунов, Кудряшова и Меркушева»;Панама;1914;64
306;Макарова и партнеры;Новая Зеландия;1984;232
307;ООО «Волкова Суханов»;Иордания;2008;449
308;ООО «Абрамова, Куликов и Давыдова»;Белиз;2015;409
309;РАО «Большакова»;Гвинея-Бисау;1997;205
310;ООО «Субботин, Васильева и Осипов»;Доминика;2016;288
311;ООО «Калинин-Осипова»;Джибути;1922;496
312;ГК ЕКС;Великобритания;2014;829
313;РАО «Ершова-Медведева»;Тувалу;1939;913
314;Мираторг;Буркина-Фасо;1983;423
315;ОАО «Блохина Кабанов»;Великобритания;1945;242
316;ООО «Капустин»;Сент-Китс и Невис;2011;643
317;Шарапова Групп;Маршалловы Острова;1994;823
318;ОАО «Тимофеев»;Бурунди;2000;566
319;НПО «Орехова»;Пакистан;1975;746
320;ОАО «Тетерина»;Тунис;1916;887
321;Пахомова Инкорпорэйтед;Иордания;1957;796
322;ЗАО «Харитонова Соболева»;Бахрейн;1914;425
323;АО «Панова, Кондратьев и Колобов»;Ботсвана;1997;150
324;Прохорова Инкорпорэйтед;Мали;2014;701
325;РАО «Мельников, Фадеев и Соловьев»;Туркмения;2016;725
326;АО «Копылова-Большаков»;Сан-Марино;1953;737
327;АО «Якушев»;Узбекистан;1945;827
328;Нефтехимсервис;Мали;1958;532
329;Ершова Инкорпорэйтед;Республика Конго;1995;892
330;ЗАО «Кудряшова-Крюкова»;Эстония;1939;219
331;ИП «Миронова-Сафонов»;Мадагаскар;1999;951
332;Титан;Мальдивы;2016;568
333;ООО «Никитин, Коновалова и Дорофеев»;Багамские Острова;1924;942
334;ЗАО «Бобров, Шубин и Капустин»;Бруней;1942;289
335;ЗАО «Фомина-Шарапова»;Ботсвана;1964;735
336;Бурова Лтд;Фиджи;1958;376
337;АО «Семенов Воронова»;Саудовская Аравия;1999;664
338;ЗАО «Зимина Никифоров»;Экваториальная Гвинея;1916;226
339;Макарова Инк;Дания;1988;81
340;ОАО «Гаврилова»;Колумбия;1985;5
341;НПК Объединенная вагонная компания;Словения;2010;399
342;ОАО «Блохина Шестаков»;Таиланд;2005;1000
343;Матвеев Инкорпорэйтед;Самоа;2006;106
344;Гордеева Лтд;Новая Зеландия;1941;250
345;ОАО «Блохин Владимирова»;Мозамбик;1910;808
346;Тихонова Лимитед;Джибути;1908;689
347;ЗАО «Котов»;Буркина-Фасо;1988;545
348;ОАО «Семенова-Федосеева»;Коста-Рика;1962;32
349;ОАО «Прохоров»;Индия;1915;525
350;ООО «Васильева, Третьякова и Михайлов»;Судан;1945;669
351;Катрен;Эсватини;1937;894
352;ООО «Сысоева-Соболев»;Сенегал;1965;682
353;НПО «Фадеева-Николаева»;Италия;1937;642
354;Марков Лтд;Сан-Марино;2016;764
355;Колесникова Инк;Парагвай;1998;565
356;НПО «Марков, Владимирова и Панова»;Камерун;2010;326
357;ИП «Капустин-Беспалова»;Лаос;1997;312
358;ООО «Шашков-Маслова»;Тувалу;1919;502
359;НПО «Кириллова Крюкова»;Панама;2008;997
360;ЗАО «Копылова»;Израиль;1901;711
361;АО «Титов, Носкова и Абрамов»;Федеративные Штаты Микронезии;1900;375
362;Артемьев Лимитед;Черногория;1994;852
363;ЗАО «Баранова-Осипов»;Бенин;1950;156
364;ИП «Лихачев, Жданова и Сорокина»;Фиджи;1985;105
365;АО «Красильников-Карпова»;Таиланд;2001;529
366;ИП «Александров»;Россия;1968;494
367;ЗАО «Зыков Сысоев»;Нигер;1968;745
368;Хендэ Мотор СНГ (Hyundai);Чад;1926;855
369;ФосАгро;Узбекистан;2014;293
370;РАО «Смирнов, Шарова и Евсеева»;Сомали;2009;30
371;АО «Яковлев-Моисеева»;Кипр;1995;959
372;ЗАО «Гущина»;Австралия;1921;608
373;ООО «Коновалов-Терентьева»;Мексика;1932;364
374;Попов Инкорпорэйтед;Йемен;1903;175
375;ЗАО «Тихонова, Виноградов и Дорофеева»;Венесуэла;1906;802
376;РАО «Виноградов»;Нидерланды;1931;327
377;Слата супермаркет;Южный Судан;1920;274
378;Русэнергоресурс;Бенин;1942;833
379;Группа РТК;Венесуэла;1978;181
380;ООО «Никифоров Тетерина»;Маврикий;1938;716
381;Нефтехимсервис;Швеция;1962;194
382;Эссити (Essity);Великобритания;1912;914
383;АО «Сидорова-Карпов»;Кабо-Верде;1947;683
384;ООО «Мухин Сысоев»;США;2010;684
385;Михайлов Лимитед;Палау;1931;750
386;Тетерина и партнеры;Малави;1979;21
387;Комацу СНГ (Komatsu);Ирак;1983;360
388;ОАО «Сидорова Уваров»;Япония;1983;359
389;НПО «Тарасов»;Намибия;1912;571
390;РАО «Щербаков Исаков»;Россия;1928;155
391;ООО «Филатов-Кабанова»;Малайзия;1960;895
392;ИП «Сорокин»;Ангола;1979;749
393;Трубная грузовая компания;Азербайджан;1919;214
394;АО «Щукина Алексеев»;Сингапур;1996;240
395;ОАО «Ширяева, Лукин и Самойлова»;Босния и Герцеговина;1943;107
396;АО «Рябов»;Доминиканская Республика;2010;972
397;АО «Сергеева, Орлова и Рябов»;Великобритания;1941;248
398;НПО «Зимина, Шубина и Лихачева»;Республика Конго;1913;719
399;ООО «Носков-Лобанов»;Индонезия;2012;56
400;ТОАЗ;Нигерия;1912;263
401;РАО «Марков Данилова»;Чили;1990;381
402;НПО «Орлова»;Чили;1932;862
403;ООО «Колесников, Сазонова и Никитин»;Катар;1998;600
404;НПО «Голубев-Ефремова»;Шри-Ланка;1949;766
405;АО «Денисов»;Барбадос;1940;875
406;НПО «Авдеев Турова»;Филиппины;1966;216
407;НПО «Баранов, Щукина и Рогов»;Гамбия;1904;927
408;ЗАО «Большаков-Кудрявцева»;Судан;1979;266
409;ЗАО «Лыткин Кириллов»;Азербайджан;1915;596
410;Лукин Инкорпорэйтед;Бразилия;1965;96
411;ООО «Максимова»;Иран;1925;315
412;ИП «Мамонтова»;Судан;1979;71
413;Сиско Солюшенз (Cisco);Папуа;1995;422
414;Белов и партнеры;Сент-Китс и Невис;1918;758
415;ЗАО «Ситников Кононов»;Австрия;1942;712
416;Инвестнефтетрейд;Испания;1906;281
417;ЗАО «Зиновьев Шарапова»;Венгрия;1902;553
418;ИП «Овчинников-Щукина»;Лесото;1945;180
419;НПО «Сафонова»;Португалия;1999;331
420;ЗАО «Зайцев Голубев»;Гайана;1910;653
421;ООО «Якушева Федорова»;Нидерланды;1940;366
422;ОАО «Пестова-Козлова»;Япония;1964;157
423;ЗАО «Горбачева-Захарова»;Замбия;1983;464
424;АО «Гурьева-Ларионов»;Уганда;2017;352
425;ОАО «Субботин-Нестерова»;Палау;1975;617
426;Армтек;Таиланд;2017;369
427;ООО «Быков-Маркова»;Венгрия;1944;337
428;НПО «Бурова, Орехов и Гущина»;Сальвадор;1955;831
429;ЗАО «Власова-Быков»;Сенегал;1956;897
430;Владимирова Лтд;Дания;1928;367
431;Славянск Эко;Израиль;2003;626
432;РАО «Петухов-Макарова»;Тунис;1906;597
433;ОАО «Гордеев Савин»;ЮАР;2006;880
434;РАО «Ширяева»;Восточный Тимор;1962;398
435;НПО «Соловьева»;Лесото;2008;929
436;АО «Шашков, Крылова и Силин»;Исландия;1974;145
437;АО «Одинцов»;Босния и Герцеговина;1944;397
438;АО «Петрова Пономарева»;Никарагуа;1942;102
439;Газпром бурение;Латвия;2002;268
440;ЗАО «Копылова»;Панама;1937;792
441;ЗАО «Юдин Анисимова»;Бангладеш;1959;173
442;ОАО «Тарасова»;Литва;1931;985
443;Лебедева Групп;Черногория;1902;412
444;Новосибирскэнергосбыт;Кувейт;2014;559
445;АО «Филатов, Панов и Яковлева»;Япония;1911;127
446;НПО «Соколова, Князев и Корнилова»;Кувейт;1985;521
447;Никифорова и партнеры;Йемен;1925;800
448;РАО «Новиков, Авдеев и Ершова»;Лесото;1955;615
449;ИП «Шашкова Власова»;Экваториальная Гвинея;1929;465
450;ИП «Кулагина Брагин»;Руанда;1932;24
451;Эркафарм;Румыния;1995;485
452;ГК Орими Трэйд;Бельгия;1998;152
453;АО «Громов, Голубев и Доронина»;Литва;1934;724
454;АО «Самойлов, Гусева и Горшкова»;Израиль;1918;3
455;Сибуглемет;Бутан;1970;471
456;Боэс Констракшн (Boes Construction);Мальта;1960;206
457;АО «Лобанов»;Габон;1993;255
458;ЗАО «Белоусова Матвеев»;Йемен;1908;291
459;ЗАО «Кулагин-Евсеева»;Кувейт;1972;813
460;АО «Щербакова Фомичева»;Перу;1949;857
461;НПО «Евсеева»;Нигер;1980;401
462;РАО «Фролов Гуляева»;Папуа;1923;986
463;ОАО «Дроздова»;Мальта;1931;489
464;АСР-Углесбыт;Черногория;2011;280
465;ИП «Лазарев, Мартынова и Белякова»;Гвинея;1919;169
466;ОАО «Никифоров-Кононова»;Доминика;1976;660
467;ИП «Лаврентьева»;Эсватини;1972;509
468;ООО «Шубина, Александров и Селиверстов»;Перу;1956;446
469;АО «Фокин, Самойлов и Егорова»;Сент-Китс и Невис;2018;778
470;Сибирская аграрная группа;Россия;2002;931
471;ФосАгро;Сенегал;1971;830
472;Дикси Групп;Коморы;1999;976
473;РАО «Никифорова Осипова»;Азербайджан;1973;344
474;ООО «Дементьева»;Сомали;2003;621
475;ОАО «Галкина, Пестова и Федотова»;Франция;1909;163
476;Mail.Ru Group;Северная Македония;1951;395
477;РАО «Шестакова-Григорьев»;Норвегия;1903;349
478;РАО «Щербакова, Виноградов и Ильин»;Катар;1953;309
479;АО «Беляева-Устинова»;Марокко;1953;560
480;ЗАО «Веселова»;Туркмения;2004;430
481;Великолукский мясокомбинат;Израиль;1945;85
482;АО «Мясников»;Филиппины;1909;754
483;ИП «Лыткина»;Руанда;1953;161
484;НПО «Сидоров Никонова»;Кабо-Верде;1989;304
485;АО «Ефимов»;Северная Македония;1993;365
486;Компания Газ-Альянс;Катар;2003;866
487;ОАО «Бурова, Коновалов и Зимин»;Мозамбик;2004;58
488;ИП «Марков-Иванова»;Сальвадор;1955;389
489;РАО «Козлова Дорофеев»;Южный Судан;1921;101
490;Зара СНГ (Zara);Мальта;1903;79
491;ОАО «Кузнецов Сорокин»;Кабо-Верде;2010;469
492;Юнипро (Uniper);Йемен;1966;363
493;ИП «Мельникова-Федотова»;Венесуэла;1920;66
494;РАО «Ларионов»;Мали;1978;450
495;АО «Копылов-Потапов»;Россия;1964;124
496;РАО «Гуляев-Симонов»;Республика Корея;1949;410
497;РАО «Лобанова Евсеев»;Сингапур;1960;599
498;Казаков Инк;Соломоновы Острова;1905;797
499;Артемьева Инкорпорэйтед;Науру;1965;670
500;РАО «Веселова Субботин»;Швейцария;2018;979
501;ОАО «Терентьев Пахомов»;Мальта;1969;237
502;ООО «Савельев»;Казахстан;1975;932
503;ЗАО «Цветков, Уваров и Ермакова»;Центральноафриканская Республика;1954;147
504;НПО «Сафонова, Мартынова и Беспалов»;Тувалу;1932;204
505;НПО «Кононова»;Демократическая Республика Конго;2003;193
506;Кузнецов Групп;Коста-Рика;2007;783
507;ИП «Воронцова, Волков и Николаев»;Эсватини;2017;507
508;ООО «Щукин, Никонова и Якушева»;Марокко;1958;134
509;Одинцов Лимитед;Мальта;1920;33
510;Веселов Лимитед;Бельгия;1991;539
511;Roust;Кирибати;1970;298
512;АО «Мартынов, Лихачева и Григорьева»;Гвинея;2017;373
513;НПО «Комиссаров Давыдов»;Сирия;1929;245
514;РАО «Куликова, Буров и Блохина»;Израиль;1961;983
515;Трансбункер;Австрия;1991;239
516;Хохлов и партнеры;Гватемала;2011;209
517;АО «Никитин-Одинцова»;Норвегия;1992;714
518;ОАО «Егоров, Некрасов и Тихонова»;Науру;1929;83
519;АО «Маркова, Капустина и Андреев»;Ботсвана;1967;348
520;АО «Калашникова»;Коморы;1901;874
521;НПО «Жукова»;Армения;2016;415
522;Азур Эйр;Пакистан;2006;153
523;Миронов Инк;Сейшельские Острова;1999;391
524;ЗАО «Антонова Ситников»;Мавритания;1993;574
525;КМР и СНГ (KIA);Лаос;1970;441
526;РАО «Стрелков»;Мозамбик;1944;516
527;ТД Ункомтех;Малайзия;1968;77
528;Медведев Инкорпорэйтед;Туркмения;1962;104
529;Яковлева Групп;Турция;1958;305
530;РЕ Трэйдинг (LPP);Судан;1955;428
531;ИП «Тарасова»;Джибути;1902;753
532;ЗАО «Данилов Громов»;Афганистан;2019;198
533;Овчинникова Инкорпорэйтед;Центральноафриканская Республика;1969;53
534;АО «Терентьева»;Папуа;1906;858
535;НПО «Исаков, Стрелков и Сорокин»;Австрия;1990;9
536;РАО «Прохоров»;Гренада;1986;930
537;АО «Комарова-Калашников»;Ливан;1983;939
538;РАО «Фролова»;Эквадор;1970;320
539;Громов и партнеры;Соломоновы Острова;1978;332
540;ЗАО «Баранов, Герасимов и Горбунов»;Ливан;1988;43
541;АО «Шарапов»;Гаити;1999;847
542;ОАО «Антонова, Дьячков и Киселева»;Сингапур;2001;114
543;ИП «Петухов-Волков»;Марокко;1989;967
544;НПО «Гусева-Панов»;Ливан;1962;368
545;НПО «Гришина, Воробьев и Фролов»;Сирия;2008;784
546;НПО «Павлов-Крюков»;Малайзия;1942;39
547;АО «Сергеев-Авдеев»;Китай;2010;945
548;АО «Гусев, Быкова и Пестов»;Литва;2001;63
549;ИП «Лихачев-Виноградова»;ЮАР;1917;822
550;ЗАО «Вишняков»;Таиланд;1995;891
551;Лапин и партнеры;Ливан;1954;752
552;Старттех;Хорватия;1988;480
553;Бобров Инк;Босния и Герцеговина;1966;74
554;Алкоторг;Монако;1937;763
555;Южуралзолото ГК;Зимбабве;1959;562
556;ООО «Герасимова, Логинова и Кузнецов»;Белоруссия;1929;591
557;Промышленно-металлургический холдинг;Лаос;1912;50
558;ОАО «Соболева, Моисеев и Захаров»;Финляндия;1911;863
559;ЗАО «Жданова Комиссаров»;Перу;1937;142
560;ООО «Щербаков-Шарова»;ОАЭ;2006;799
561;Панфилов Лтд;Греция;2018;973
562;НПО «Евдокимов-Исаева»;Тувалу;1991;886
563;ГКНПЦ им. М.В.Хруничева;Тунис;1944;46
564;НПО «Дьячков-Уваров»;Афганистан;1977;132
565;Колобов Инкорпорэйтед;Вьетнам;1943;900
566;АО «Михайлова, Куликова и Филатова»;Сирия;2002;160
567;Богданова Лимитед;Судан;1997;468
568;ОАО «Баранов, Суханов и Богданов»;Непал;1960;477
569;РАО «Субботина Архипов»;Маршалловы Острова;2005;486
570;НПО «Борисова Власова»;Хорватия;1951;757
571;Русская медная компания;Бутан;2017;909
572;ИП «Пестов, Федотов и Самсонова»;Саудовская Аравия;1950;444
573;Сибирский антрацит;Эфиопия;1927;512
574;НПО «Гришина-Шашкова»;Таиланд;1996;578
575;НПО «Беляев-Горбачева»;Бурунди;1984;503
576;АО «Ширяев, Панов и Кулакова»;Чехия;1929;849
577;Игнатьев и партнеры;Никарагуа;2017;115
578;Рябов Лтд;Ирак;1960;944
579;АО «Белякова, Большакова и Денисов»;Монако;1943;354
580;ОАО «Николаев-Моисеева»;Чехия;1998;867
581;ЗАО «Соболева Егорова»;Саудовская Аравия;1972;91
582;ООО «Моисеев Борисова»;Австрия;1995;992
583;АО «Суворова»;Туркмения;1941;167
584;А-Ойл;Алжир;2003;584
585;АО «Новиков»;Турция;1956;183
586;ЭС;Мальта;2011;225
587;ОАО «Денисова, Филиппова и Щербаков»;Фиджи;1966;25
588;ОАО «Корнилова-Тетерина»;Грузия;1981;235
589;ООО «Доронина, Кабанов и Мартынов»;Танзания;1993;540
590;ИП «Вишнякова, Суворова и Носов»;Новая Зеландия;1953;915
591;Максидом;Багамские Острова;1941;971
592;ЗАО «Михайлова»;Того;1991;40
593;РАО «Смирнов-Пестов»;Мальта;1983;353
594;Металлокомплект-М;Мексика;1970;456
595;АО «Петухова-Давыдова»;Франция;1988;439
596;НПО «Мясников»;Никарагуа;1918;176
597;Ферронордик машины (Ferronordic);Сейшельские Острова;1914;11
598;ОАО «Ситников, Воробьева и Куликова»;Иран;1990;805
599;АО «Шилова»;Сербия;1924;182
600;РАО «Виноградова Михеев»;Гвинея;1945;38
601;Проктер Энд Гэмбл. Дистрибьюторская компания (Procter & Gamble);Бенин;2018;876
602;Гурьева Лимитед;Ливия;2017;98
603;ИП «Романов-Горбачев»;Венесуэла;1967;390
604;Мамонтова Групп;Камерун;1916;550
605;ОАО «Соколов, Капустина и Шестаков»;Гана;1987;865
606;Август;Чехия;1939;774
607;ООО «Кононова-Рожков»;Северная Македония;1994;873
608;ИП «Коновалова»;Перу;1977;999
609;РАО «Копылов-Зайцев»;ЮАР;1904;561
610;ООО «Шестакова Большаков»;Чад;1967;960
611;НПО «Голубева-Гущин»;Коморы;1959;472
612;Кудрявцева Лтд;Португалия;1906;675
613;Гордеева и партнеры;Бахрейн;1948;361
614;ГК Мегаполис;Саудовская Аравия;1926;635
615;РКЦ Прогресс;Центральноафриканская Республика;1982;613
616;ЗАО «Богданов»;Непал;1932;454
617;ЗАО «Павлова-Денисов»;Южный Судан;1952;844
618;НПО «Лыткин-Гришин»;Сенегал;1960;282
619;Евсеев и партнеры;Иран;1996;188
620;Шарапова и партнеры;Гренада;1997;651
621;Новикова Лимитед;Доминика;1996;68
622;Нижнекамскнефтехим;Тринидад и Тобаго;1938;54
623;Амурская нефтебаза;Босния и Герцеговина;1970;527
624;РАО «Горбунова Маслова»;Бруней;1957;649
625;Уварова Инк;Италия;1971;275
626;ОАО «Якушев, Лихачева и Авдеев»;Уругвай;1957;265
627;ИП «Панов»;Сан-Марино;1998;49
628;ИП «Кулагина»;Австрия;1941;14
629;Алтайвагон;Суринам;2016;975
630;Рыбаков Лтд;Малайзия;1981;99
631;АО «Тимофеева, Мельников и Михайлов»;Иран;1977;402
632;ЮниКредит Банк (UniCredit);Великобритания;1973;743
633;РАО «Матвеев»;Гайана;1935;598
634;ОАО «Баранова»;Малави;1987;267
635;ОАО «Воробьева, Горбунов и Егорова»;Лаос;1933;697
636;ОАО «Тимофеев»;Грузия;1994;203
637;Максимов Лимитед;Таджикистан;1977;771
638;ООО «Захаров-Сорокин»;Литва;1936;362
639;Тойота Мотор (Toyota);Боливия;1924;191
640;ЗАО «Овчинникова»;Сент-Китс и Невис;1924;636
641;ООО «Дьячков-Анисимова»;Италия;1987;814
642;Салым Петролеум;Израиль;1939;727
643;ООО «Лукин, Логинова и Лазарева»;Гана;1948;2
644;АБ Инбев Эфес (Anheuser-Busch Inbev);Намибия;1905;76
645;АО «Голубева Яковлева»;Грузия;1924;579
646;АО «Кудряшов-Николаева»;Гватемала;1916;314
647;ИП «Пахомов-Лазарев»;Лихтенштейн;2009;646
648;ИП «Попова»;Кот-д’Ивуар;1998;95
649;ИП «Устинова»;Ирландия;1985;924
650;Авиакомпания Икар;Республика Конго;1982;137
651;НПО «Уварова, Котова и Шестаков»;Чехия;2001;622
652;Концерн Автоматика;ОАЭ;1957;251
653;ИП «Терентьев Сорокина»;Сомали;1933;44
654;ИП «Сергеева Соболев»;Аргентина;1918;278
655;АО «Воробьев-Фомичева»;Коморы;1995;335
656;ЗАО «Филатова»;ЮАР;1982;199
657;РАО «Власов Воробьев»;Антигуа и Барбуда;1965;759
658;ОАО «Дьячков-Киселева»;Азербайджан;1913;604
659;Архангельский ЦБК;Туркмения;2008;969
660;РАО «Блохина, Щербаков и Туров»;Либерия;1955;861
661;АО «Кудрявцева-Васильев»;Габон;1908;136
662;ИП «Ковалева»;Нидерланды;1963;261
663;ООО «Шилова-Смирнова»;Маврикий;1957;528
664;НПО «Беляков, Галкина и Корнилова»;Австралия;2005;773
665;Морской терминал Тамань;Лесото;1952;981
666;РАО «Агафонов-Соболева»;Босния и Герцеговина;2004;384
667;РАО «Владимирова»;Габон;1916;78
668;Сатурн-Р;Йемен;1922;433
669;ИП «Ефремова»;Намибия;1938;647
670;Лаборатория Касперского;Мали;1926;130
671;ИП «Одинцов Королев»;Эфиопия;1993;567
672;ЗАО «Корнилова, Чернов и Соболев»;Австрия;1902;627
673;ООО «Кудряшова»;Панама;1985;93
674;ПК Балтика (Carlsbergfondet);Гайана;1997;898
675;ООО «Исаев-Морозов»;Эфиопия;1960;135
676;АО «Панфилов»;Никарагуа;2011;22
677;ОАО «Агафонов, Карпов и Корнилова»;Зимбабве;1937;775
678;АО «Мишин Иванов»;Люксембург;2000;27
679;ИП «Гордеева»;Самоа;1953;285
680;Корпорация Тактическое ракетное вооружение;Ямайка;1931;333
681;ГК Российские коммунальные системы;Гренада;1960;966
682;НПО «Русакова Савельев»;Люксембург;1926;531
683;РАО «Пахомова Кулагин»;Самоа;1904;964
684;ООО «Зиновьева Ильина»;Венгрия;1931;154
685;ИП «Михеев, Журавлева и Воронова»;Перу;1977;455
686;Елисеев Групп;Армения;1993;224
687;Павлова Лтд;Сальвадор;2002;313
688;ОАО «Евсеева Захарова»;Новая Зеландия;1902;483
689;НПО «Сорокина»;США;2015;35
690;Мазда Мотор Рус (Mazda);Андорра;1998;834
691;ЗАО «Рожкова»;Казахстан;1914;70
692;РАО «Дементьев, Савельев и Гришин»;Пакистан;1968;133
693;Колесников и партнеры;Тринидад и Тобаго;1987;321
694;ЗАО «Третьякова»;Греция;1938;816
695;Евдокимова Инкорпорэйтед;Вануату;1967;854
696;ООО «Капустина Маслова»;Бразилия;1968;296
697;ИП «Трофимов, Воробьева и Сафонова»;Йемен;2012;557
698;Ситибанк;Иран;1978;955
699;ООО «Горшков»;Шри-Ланка;1939;730
700;Рулог (Havi);Никарагуа;2000;738
701;Авилон АГ;Кабо-Верде;1979;372
702;Славнефть;Барбадос;1913;633
703;Группа Нэфис;Гренада;1949;630
704;Кудрявцев Инкорпорэйтед;Монако;2000;300
705;Горшкова Лимитед;Ботсвана;1982;698
706;АО «Доронина, Щукина и Кириллов»;Кения;1953;386
707;ОАО «Веселов Гусев»;Канада;1939;103
708;НПО «Петрова Самсонова»;Монголия;2003;436
709;АО «Моисеева, Ларионова и Константинов»;Норвегия;1959;453
710;Авилон АГ;Лесото;1951;665
711;ООО «Александров-Савельева»;Канада;1947;116
712;ИП «Комиссарова»;Тувалу;1966;801
713;ООО «Якушев»;КНДР;2007;222
714;ООО «Рогов-Зуев»;Северная Македония;1995;871
715;ИП «Федотов»;Джибути;1987;437
716;ОАО «Смирнова-Блохина»;Самоа;1911;588
717;ООО «Александров Денисов»;Сингапур;1988;461
718;АО «Лыткина-Турова»;ЮАР;1935;334
719;Верный;Парагвай;1991;734
720;ИП «Мясникова Юдина»;Латвия;1910;118
721;НПО «Сидорова-Громова»;Доминиканская Республика;1917;605
722;Чернова Инк;Фиджи;1903;48
723;Лихачев Лтд;Багамские Острова;1932;620
724;ООО «Максимов, Кулагин и Ефимов»;Бразилия;1980;602
725;АО «Блинов, Гуляева и Морозов»;Мозамбик;1967;149
726;АО «Денисов Колобов»;Оман;1986;519
727;Авиакомпания Икар;Азербайджан;1928;189
728;Новороссийский морской торговый порт;Таджикистан;1998;590
729;Белов Групп;Мьянма;1916;230
730;ЗАО «Зыков, Самсонов и Харитонова»;Лихтенштейн;1932;262
731;Беляев Групп;Уругвай;1952;806
732;ИП «Марков Виноградов»;Барбадос;1958;513
733;АО «Волкова»;Иран;2006;687
734;Кириллова Лтд;Маврикий;2015;42
735;Одинцов Лтд;Бахрейн;1986;487
736;Одинцов Групп;Доминиканская Республика;1996;200
737;Аксенова Инкорпорэйтед;Гвинея-Бисау;1943;264
738;НПО «Власов»;Таджикистан;1928;271
739;ИП «Горшкова, Турова и Дьячков»;Гвинея;1974;884
740;ОАО «Соболева-Самойлов»;Казахстан;1997;911
741;Федотов Лимитед;Кувейт;2000;510
742;ООО «Журавлева»;Федеративные Штаты Микронезии;1998;810
743;ЗАО «Мясников»;Багамские Острова;1952;151
744;Егорова Лтд;Франция;1914;459
745;ОАО «Ширяев Гаврилова»;Шри-Ланка;1920;739
746;ООО «Костина-Назарова»;Сан-Марино;1981;941
747;Андреев Инк;Грузия;2001;484
748;ИП «Дементьев, Калашникова и Степанова»;Мальдивы;1941;233
749;ОАО «Евдокимова, Лаврентьева и Дмитриева»;Нидерланды;1907;418
750;НПО «Смирнов»;Латвия;1948;920
751;Концерн Автоматика;Армения;1925;517
752;НПО «Давыдов-Кузьмин»;Чили;2003;18
753;Красильников Лимитед;Бельгия;1974;678
754;ИП «Туров, Елисеева и Шарапова»;Гаити;1948;443
755;Комацу СНГ (Komatsu);Самоа;1927;498
756;Группа Волга-Днепр;Оман;1969;294
757;НПО «Хохлов Красильников»;Замбия;1935;159
758;ИП «Киселев»;Аргентина;2014;420
759;АО «Волков»;Гватемала;1969;785
760;Дроздов и партнеры;Черногория;1949;351
761;ИП «Гаврилова, Зуева и Лыткин»;Коморы;1979;343
762;АО «Королева Красильников»;Литва;1962;493
763;Соллерс;Маврикий;1938;445
764;АО «Сергеева»;Кения;1931;407
765;АО «Ильина, Русаков и Суворова»;Иордания;2014;625
766;Нестерова и партнеры;Непал;1962;452
767;НПО «Макарова»;Тувалу;1964;645
768;ООО «Фадеева Ильин»;Болгария;1926;782
769;ОАО «Кудряшова»;Коста-Рика;1992;8
770;Армтек;Гайана;1916;388
771;Русэнергосбыт;Армения;1973;210
772;РАО «Сазонов Новиков»;Словакия;1917;37
773;ИП «Тихонов»;Судан;1902;302
774;ООО «Белякова, Ширяев и Тимофеев»;Уганда;1934;197
775;Зиновьева Лимитед;Тонга;1999;564
776;Тетерин Лтд;Бахрейн;2010;918
777;Группа О'кей;Оман;1997;431
778;АО «Рогов Евсеев»;Аргентина;1983;869
779;НПО «Поляков, Богданова и Семенов»;Сейшельские Острова;2004;201
780;ООО «Кузнецова Соболев»;Демократическая Республика Конго;1911;400
781;АО «Гаврилова»;Ливан;1981;610
782;ЗАО «Крылова»;Азербайджан;1901;340
783;ИП «Копылов Воронов»;Лесото;1948;676
784;ГМК Сплав;ЮАР;1981;541
785;ООО «Наумов Ларионов»;Греция;2013;256
786;Колесникова Лимитед;Бельгия;1971;234
787;Карелия Палп;Намибия;1933;448
788;Спортмастер;Сент-Китс и Невис;1904;228
789;Евраз;Швейцария;1973;982
790;ООО «Баранов-Туров»;Молдавия;1942;996
791;ОАО «Соболева Некрасова»;Грузия;1901;462
792;Монетка;Сейшельские Острова;1989;906
793;Попова Инкорпорэйтед;Гватемала;2000;60
794;Гаврилов Инкорпорэйтед;Испания;1943;165
795;Потапов Инкорпорэйтед;Мали;1971;82
796;Транскапиталбанк;Камбоджа;1982;218
797;АО «Соловьева»;Саудовская Аравия;1913;693
798;ЗАО «Белякова Мухин»;Гондурас;2016;451
799;Борисова Инкорпорэйтед;Ямайка;1980;520
800;Центр финансовых технологий;Палау;1934;595
801;Мельникова Инкорпорэйтед;Болгария;1997;742
802;Коновалова и партнеры;Нидерланды;1989;723
803;Псковвтормет;Гана;1905;576
804;НПО «Котова-Сазонов»;Республика Корея;1938;491
805;Филиппова и партнеры;Кувейт;1943;770
806;ООО «Копылов-Нестеров»;Вьетнам;1935;87
807;Снежная Королева;Багамские Острова;1957;761
808;ИП «Романов»;Южный Судан;1904;404
809;Металлоторг;Того;2014;748
810;Иванов Групп;Чад;1911;694
811;ООО «Быков Галкин»;Киргизия;2015;467
812;Белоусова Лтд;Индонезия;1949;864
813;Почта России;Науру;1927;592
814;РАО «Стрелкова-Павлов»;Федеративные Штаты Микронезии;2003;518
815;Голубева Инк;Турция;1932;699
816;ОАО «Лыткина-Сидоров»;Пакистан;2011;993
817;АО «Сафонов Шашков»;Мексика;1922;618
818;ОАО «Галкина»;Судан;1962;515
819;АО «Ефремов»;Северная Македония;1984;644
820;АО «Мельникова»;Австралия;1964;15
821;АО «Белов»;Парагвай;2011;826
822;Самойлов и партнеры;Сербия;2007;213
823;РАО «Шилова»;Папуа;1958;10
824;НПО «Борисов Тарасова»;Бельгия;2015;470
825;Гордеев и партнеры;Эфиопия;2019;720
826;Капустин Лтд;Индонезия;1907;710
827;РАО «Фомичева, Потапов и Бобров»;Перу;1981;276
828;РАО «Костина Ершова»;Франция;1984;534
829;ООО «Денисова»;Панама;1975;629
830;ЗАО «Панов-Комиссаров»;Сент-Винсент и Гренадины;1912;535
831;Hoff (Домашний интерьер);Финляндия;1970;138
832;НПО «Рогов»;Мозамбик;1916;655
833;ИП «Хохлов»;Украина;1953;86
834;РАО «Жуков»;Казахстан;1934;119
835;Бобров Инк;Бруней;1945;580
836;РАО «Никонов-Петрова»;Армения;1987;956
837;Федотова Инкорпорэйтед;Тувалу;1943;316
838;ТАИФ-НК;Сан-Марино;1954;650
839;ОАО «Корнилова-Бирюков»;Греция;1957;380
840;Нестерова Лимитед;Парагвай;1993;158
841;Кузьмина Инк;Буркина-Фасо;1962;488
842;НПО «Степанов Жукова»;Оман;1964;273
843;ООО «Зиновьева-Афанасьев»;ОАЭ;1908;558
844;НПО «Моисеева, Ситникова и Баранова»;Суринам;2004;148
845;Белов Групп;Чад;1923;840
846;ОАО «Лебедев»;Восточный Тимор;1979;779
847;ООО «Панфилова»;Бутан;1970;700
848;ОАО «Исаев-Ефимова»;Экваториальная Гвинея;1937;883
849;РАО «Баранов, Гуляева и Воронов»;Ливан;2002;80
850;НПО «Гордеев Белякова»;Сан-Томе и Принсипи;2000;374
851;ОАО «Беспалов, Рожков и Устинова»;Либерия;1949;686
852;АО «Турова Давыдов»;Белиз;1998;57
853;Ермакова Инк;Монголия;1977;586
854;ОАО «Дмитриев, Королева и Князева»;Израиль;1923;284
855;ИП «Архипова, Громов и Козлов»;Пакистан;1911;270
856;ООО «Лазарев»;Маврикий;2000;938
857;ООО «Хохлова Нестерова»;Украина;1985;290
858;ООО «Киселев»;Фиджи;1992;522
859;Ильина Инкорпорэйтед;Казахстан;1955;638
860;РАО «Воронцова-Лихачева»;Коморы;1981;387
861;РАО «Виноградова Ильина»;Израиль;1917;619
862;РАО «Трофимова, Кузьмин и Зиновьев»;Австралия;1988;740
863;Емельянов Инк;Сирия;1911;405
864;ЗАО «Якушева»;Буркина-Фасо;1966;922
865;АО «Щукина»;Гана;1917;47
866;ОАО «Александров Королева»;Мьянма;1981;707
867;ИП «Исаев-Лапин»;Оман;1930;168
868;ОАО «Самойлова, Маслов и Стрелкова»;Камбоджа;1949;677
869;ОАО «Самойлов, Панов и Соловьев»;Бельгия;1971;311
870;ЗАО «Дементьев, Тимофеев и Агафонова»;Ямайка;1989;497
871;ОАО «Боброва Ильин»;Словакия;1991;573
872;АО «Журавлев, Суворов и Котов»;Сингапур;1937;139
873;ЗАО «Фомичев, Фокин и Фомичева»;Марокко;1901;323
874;Колобов Инкорпорэйтед;Австралия;1958;174
875;РАО «Федорова»;Перу;1981;75
876;ЗАО «Гусева, Кондратьев и Субботина»;Экваториальная Гвинея;1960;695
877;АО «Молчанов-Никонова»;Куба;1902;231
878;РАО «Ситников-Одинцова»;Коста-Рика;1944;904
879;ОАО «Романов, Зыкова и Корнилова»;Республика Корея;2016;329
880;ИП «Соболева»;Гайана;1959;674
881;РАО «Панов, Полякова и Зиновьев»;Тунис;1953;530
882;ЗАО «Григорьева, Алексеев и Калинина»;Гондурас;2000;994
883;ИП «Капустин Евдокимова»;Мадагаскар;1909;953
884;ОАО «Назаров»;Бельгия;1936;419
885;ОАО «Горбачева Ермакова»;Португалия;1956;668
886;Стройсервис;Сомали;1999;848
887;Игнатова Лтд;Коморы;1938;379
888;МегаФон;Гвинея-Бисау;1943;20
889;ОАО «Воронцова»;Антигуа и Барбуда;1906;442
890;ЗАО «Никонов»;Перу;1942;283
891;СДС-Уголь;Узбекистан;1936;109
892;АО «Данилова»;Джибути;1942;704
893;РАО «Гусева Логинов»;Мали;1938;403
894;ООО «Зыков Фролова»;Эритрея;1921;885
895;РАО «Трофимов, Петухова и Захаров»;Кабо-Верде;1940;790
896;РАО «Фомин-Галкин»;Италия;1922;977
897;НПО «Захаров Кудряшова»;Мальдивы;1900;751
898;НПО «Суханов Кудрявцев»;Таиланд;1959;330
899;АО «Боброва Соколов»;Гаити;1927;870
900;Тетерина Инк;Мавритания;1949;807
901;Михеева Лтд;Танзания;1919;463
902;ПТК Уголь;Афганистан;1970;961
903;ЗАО «Кошелев»;Бельгия;1939;543
904;АО «Степанова-Пахомова»;Тонга;2001;958
905;Сорокина Лимитед;Украина;1979;732
906;НПО «Агафонова, Жданова и Фомина»;Руанда;1997;84
907;ОАО «Константинов, Корнилов и Петрова»;Таиланд;1985;346
908;РАО «Комиссарова»;Зимбабве;1960;111
909;АО «Лапина, Суворов и Белоусова»;Сингапур;1988;659
910;ИП «Мартынова Чернов»;Мавритания;1971;631
911;НПО «Красильникова Лаврентьев»;Дания;1994;990
912;НПО «Агафонова Блинов»;Ангола;1904;987
913;ЗАО «Владимирова, Юдина и Дементьева»;Гана;1979;192
914;ИП «Лыткина Мельников»;Белиз;1918;328
915;ООО «Якушев-Филатова»;Камбоджа;1937;506
916;ГК СНС;Сербия;1901;424
917;АО «Коновалова»;Чехия;1952;824
918;РАО «Мишина»;Албания;1958;26
919;ЗАО «Сысоева Громов»;Сальвадор;1902;919
920;АО «Селезнев-Виноградов»;Ливия;1908;406
921;ЗАО «Молчанов»;Хорватия;2012;821
922;АО «Смирнов, Меркушев и Дьячков»;Экваториальная Гвинея;1978;186
923;ИП «Ермакова»;Португалия;2011;841
924;Соловьев Инкорпорэйтед;Оман;2000;662
925;РАО «Стрелков»;Сан-Марино;2007;55
926;Лента;Словения;2019;179
927;ООО «Самсонова-Ковалев»;Южный Судан;1941;504
928;Поляков Инкорпорэйтед;Черногория;1960;466
929;АО «Галкин, Беспалов и Воронцова»;Уругвай;1901;438
930;ООО «Жуков Мухин»;Кот-д’Ивуар;1991;177
931;ЗАО «Носова-Мамонтова»;Маврикий;1910;202
932;ООО «Симонова»;Марокко;2001;59
933;РАО «Кулаков-Суворова»;Словакия;1966;140
934;Кудрявцева Инкорпорэйтед;Индонезия;1978;254
935;АО «Меркушев, Голубева и Васильева»;Люксембург;1920;581
936;АО «Лапина»;Шри-Ланка;1994;92
937;ООО «Алексеева Силин»;Габон;1946;16
938;АО «Ермаков-Фролова»;Афганистан;1945;41
939;Кондратьева Групп;Либерия;1910;338
940;РАО «Федотова, Костин и Новиков»;Латвия;2005;308
941;Лаврентьева Лтд;Руанда;1947;733
942;Фольксваген Груп Рус;ОАЭ;1908;211
943;Трофимова и партнеры;Науру;1911;90
944;ООО «Кириллов, Семенов и Быкова»;Барбадос;1909;537
945;ООО «Ефимов, Ильин и Белозерова»;Бруней;1906;916
946;ИП «Федорова Белякова»;Египет;1919;809
947;НПО «Кудрявцев-Карпов»;Пакистан;1949;378
948;Боэс Констракшн (Boes Construction);Папуа;2013;937
949;ООО «Крылов Кондратьева»;Науру;1987;936
950;Ферреро Руссия (Ferrero);Бенин;1954;837
951;НПО «Федоров, Рябова и Самойлов»;Кения;1980;760
952;РАО «Яковлев»;Вануату;1991;536
953;ООО «Самойлова, Ермакова и Дементьев»;Саудовская Аравия;2006;702
954;ИП «Иванов Мухин»;Монголия;1993;907
955;Максимова Инк;Казахстан;1996;89
956;ИП «Трофимов»;Израиль;1904;28
957;ЗАО «Шестакова Пахомова»;Тувалу;1993;575
958;ООО «Лобанов, Фадеев и Корнилов»;Таиланд;1922;744
959;АО «Ермакова, Виноградов и Кудрявцева»;Литва;1904;923
960;ИП «Крылов»;Тринидад и Тобаго;1965;628
961;АО «Осипов Панфилова»;Чад;1901;957
962;РАО «Елисеева-Самойлов»;Тонга;1947;926
963;Тева (Teva);Кот-д’Ивуар;2013;903
964;Галкин Инкорпорэйтед;Камерун;1949;269
965;ОАО «Куликов»;Уругвай;1961;949
966;РАО «Наумов»;Руанда;1904;654
967;АО «Михеев, Родионов и Потапов»;Кипр;1921;217
968;Компания Газ-Альянс;Турция;1930;551
969;ЗАО «Шарапова Ефремов»;Греция;1964;371
970;ЗАО «Фомина, Карпова и Никитин»;Эстония;1959;934
971;ОАО «Филиппова-Лихачева»;Молдавия;1956;925
972;ОАО «Вишняков-Кузьмин»;Северная Македония;1952;755
973;НПО «Брагин Шаров»;КНДР;1934;639
974;ОАО «Яковлева, Рожкова и Анисимов»;Республика Корея;2013;495
975;ОАО «Жданова»;Босния и Герцеговина;1961;787
976;АО «Тимофеев»;Молдавия;1918;946
977;ИП «Сорокин»;Гамбия;2001;499
978;ООО «Фадеева, Одинцов и Калашникова»;Греция;2000;120
979;QIWI;Бурунди;1967;172
980;ООО «Рожкова»;Белиз;1982;427
981;Группа НПФ Благосостояние;Эфиопия;1948;542
982;АО «Никонов Гордеев»;Лесото;1947;767
983;АО «Абрамов»;Мальдивы;1965;691
984;Белов Инк;Намибия;1994;45
985;ООО «Назаров»;Италия;1938;706
986;Овчинникова Инкорпорэйтед;Гаити;1968;94
987;РАО «Беспалова, Осипов и Федотов»;Камбоджа;1925;703
988;Нефтехимсервис;Кения;2006;962
989;РАО «Харитонов, Цветкова и Петров»;Мадагаскар;1970;277
990;ИП «Прохорова, Зыкова и Лаврентьева»;Малави;1977;246
991;Третьякова Лтд;Судан;1938;882
992;Щербаков Инкорпорэйтед;Кот-д’Ивуар;1936;223
993;ЗАО «Фомичева Ларионов»;Лихтенштейн;1922;777
994;НПО «Маслова-Поляков»;Индонезия;1934;241
995;РАО «Виноградова, Муравьев и Фомина»;Австралия;1973;108
996;ИП «Дроздов, Егорова и Денисова»;Лихтенштейн;1927;614
997;ИП «Князева-Шубина»;Гвинея-Бисау;1904;458
998;ОАО «Назарова»;Австрия;1942;479
999;ИП «Дорофеева»;Бахрейн;1954;780
1000;АО «Павлов, Алексеева и Носкова»;Пакистан;1984;634
