id;name;address;number_of_floors;number_of_shops
1;Кидать;ст. Енисейск ул. Элеваторная д. 199 стр. 2 339520;9;99
2;Близко;п. Клин ш. 70 лет Октября д. 1/9 657450;10;150
3;Палка;п. Ельня наб. Стадионная д. 3 355831;14;168
4;Основание;д. Шаховская бул. Байкальский д. 181 стр. 7 598267;11;132
5;Дурацкий;к. Алапаевск ш. Щетинкина д. 334 к. 7 359706;1;16
6;Бетонный;г. Ульяновск ул. Целинная д. 290 775084;3;45
7;Тусклый;с. Горячий Ключ пр. Астраханский д. 4/2 961818;4;80
8;Отражение;д. Учалы ул. Рябиновая д. 297 стр. 6/6 841555;7;119
9;Порода;клх Шелагонцы наб. Космодемьянской д. 69 к. 2 582938;7;105
10;Ныне;п. Нижний Новгород алл. Степана Разина д. 3/4 стр. 2/6 577916;17;323
11;Сопровождаться;клх Объячево пр. Украинский д. 64 507921;16;160
12;Смелый;к. Учалы наб. Чапаева д. 22 к. 70 124405;16;240
13;Приличный;к. Усинск ш. Ушакова д. 2/2 916128;15;255
14;Материя;п. Объячево пер. Невского д. 6 к. 4 948935;16;288
15;Нервно;д. Магнитогорск алл. Тепличная д. 529 к. 7 605930;1;18
16;Промолчать;с. Боровск наб. Верхняя д. 3/9 603328;20;300
17;Палка;г. Октябрьское (Хант.) пер. Тепличный д. 4/7 стр. 1 790525;9;108
18;Покинуть;к. Курчатов алл. 8 Марта д. 4 459603;11;121
19;Естественный;к. Новороссийск ш. 8-е Марта д. 946 стр. 8 134487;18;180
20;Холодно;д. Лысьва ул. Иванова д. 31 523906;15;255
21;Намерение;д. Ессентуки наб. Глинки д. 72 042737;6;96
22;Второй;д. Раменское бул. Менделеева д. 3/2 723931;10;200
23;Труп;клх Мончегорск алл. Светлая д. 2 стр. 15 124097;16;288
24;Табак;с. Усть-Кут пр. Заовражный д. 81 стр. 669 968095;5;90
25;Точно;д. Кунгур ш. Воровского д. 338 стр. 40 709254;4;44
26;Демократия;п. Петрозаводск бул. Нижний д. 26 425450;2;38
27;Исследование;ст. Оймякон наб. Большая д. 5 к. 30 364980;7;84
28;Конструкция;д. Ардон наб. Бригадная д. 631 к. 36 404301;5;80
29;Блин;к. Шарья пер. Песочный д. 614 к. 99 041678;7;140
30;Запустить;с. Апрелевка бул. Полевой д. 20 510863;20;400
31;Возможно;с. Костомукша пр. Пригородный д. 9/3 стр. 3/8 219726;18;252
32;Передо;г. Ногинск (Моск.) пер. Глинки д. 59 к. 672 229197;13;169
33;Даль;д. Камышин ш. Лунное д. 1 стр. 2 719306;3;39
34;Какой;с. Глазов ул. Литейная д. 86 683808;18;342
35;Цвет;п. Певек пр. Леваневского д. 3/1 к. 204 858761;15;165
36;Новый;с. Коломна бул. Гвардейский д. 3 297377;9;126
37;Художественный;г. Стерлитамак пр. Севастопольский д. 2/4 374035;11;154
38;Наслаждение;ст. Красноуфимск бул. Макаренко д. 3/5 426017;8;144
39;Задержать;ст. Елец бул. Рязанский д. 4 к. 9 122879;7;112
40;Исполнять;к. Шенкурск пер. ДОС д. 2/2 к. 3/9 803471;2;34
41;Спешить;клх Верхний Уфалей алл. Астраханская д. 6 стр. 4 031131;7;84
42;Ночь;к. Зеленогорск (Ленин.) ул. Песочная д. 6 119138;17;289
43;Исследование;г. Бугуруслан ул. Монтажников д. 9/3 к. 45 506063;16;160
44;Монета;ст. Петухово наб. Калужская д. 92 951059;19;247
45;Жестокий;д. Дзержинск ш. Толстого д. 9 к. 889 177788;19;342
46;Сустав;ст. Шумиха пер. Гражданский д. 23 149679;9;153
47;Появление;г. Новый Оскол ш. Фабричное д. 5/5 стр. 5 386625;10;190
48;Еврейский;г. Невьянск алл. Победа д. 1/7 к. 700 538734;18;324
49;Решение;клх Кизилюрт алл. Морозова д. 5/8 043204;10;200
50;Мгновение;с. Печора ш. 30 лет Победы д. 95 стр. 7 332658;7;98
51;Вскакивать;ст. Луга пер. Ермака д. 7/2 581862;8;88
52;Что;к. Снежинск пер. Курский д. 8 434545;13;234
53;Поговорить;д. Бологое ул. Котовского д. 57 870969;5;85
54;Палата;ст. Каргополь ул. Репина д. 13 к. 72 916650;16;192
55;Деньги;клх Нижний Новгород бул. Поселковый д. 219 стр. 858 520615;14;280
56;Отдел;к. Каспийск пр. Демьяна Бедного д. 3/5 к. 88 314752;12;228
57;Легко;г. Поронайск пр. Просторный д. 997 стр. 5/4 542408;17;306
58;Адвокат;п. Буденновск бул. Волочаевский д. 172 стр. 164 582822;17;170
59;Потом;д. Воронеж ул. Достоевского д. 15 к. 32 471823;9;162
60;Школьный;клх Кизел пер. Сурикова д. 82 728081;16;240
61;Голубчик;п. Урус-Мартан пер. Рыбацкий д. 135 477083;17;323
62;Господь;д. Алапаевск ул. Лунная д. 3/8 к. 6 301692;11;121
63;Народ;с. Рубцовск бул. Дорожников д. 43 539950;12;156
64;Сутки;д. Находка ул. Пожарского д. 51 к. 9 928413;19;209
65;Бак;п. Зеленогорск (Ленин.) пер. Клары Цеткин д. 7 789099;1;16
66;Оборот;д. Калевала ш. Карьерное д. 15 к. 509 676379;1;11
67;Премьера;ст. Оса пр. Сурикова д. 4/3 185576;7;84
68;Соответствие;г. Медногорск бул. Вавилова д. 1 к. 3/5 229813;12;156
69;Ложиться;г. Пинега ул. Пушкина д. 7 стр. 3/3 534467;17;323
70;Торопливый;с. Юровск наб. Строительная д. 6/2 к. 25 324668;16;320
71;Изредка;п. Тосно ш. Карла Либкнехта д. 143 стр. 3 580458;2;36
72;Подробность;к. Междуреченский пер. Солнечный д. 55 стр. 7 406836;8;144
73;Горький;к. Лысьва ул. Белорусская д. 98 к. 83 885289;13;195
74;Пастух;ст. Киров (Вятка) пр. Запрудный д. 1/1 115761;16;160
75;Нож;к. Агинское (Забайк.) алл. Шмидта д. 9/3 к. 162 119821;12;204
76;Запеть;клх Киржач наб. Интернациональная д. 4 к. 13 709327;3;33
77;Означать;п. Светлогорск (Калин.) пер. Черняховского д. 2/6 стр. 1/2 797274;12;204
78;Развернуться;ст. Псков ул. Морская д. 124 стр. 66 090440;13;182
79;Расстегнуть;п. Баксан алл. Серова д. 1 к. 33 873295;10;180
80;Актриса;с. Гремячинск (Перм.) наб. Кирпичная д. 9 886905;18;270
81;Спешить;с. Шатки ш. Щетинкина д. 3/6 к. 24 317640;17;289
82;Кпсс;ст. Железногорск(Курск.) пер. Ярославский д. 24 стр. 7/5 506578;17;204
83;Куча;г. Арзамас ул. Средняя д. 59 к. 2 703245;12;240
84;Задрать;с. Кизилюрт пр. З.Космодемьянской д. 19 451068;11;198
85;Ложиться;с. Балтийск наб. Коммунистическая д. 834 к. 693 947456;14;266
86;Мелькнуть;п. Карпинск алл. Совхозная д. 673 655641;11;132
87;Нервно;г. Хабаровск бул. Абрикосовый д. 5 стр. 6/6 806429;2;22
88;Деньги;к. Великий Устюг наб. Снежная д. 9/6 стр. 739 810280;9;153
89;Покинуть;г. Улан-Удэ алл. Тупиковая д. 3/8 к. 6 057619;9;135
90;Багровый;ст. Нижнеудинск наб. Тимирязева д. 2 стр. 52 731179;20;260
91;Лапа;д. Костомукша пр. К.Маркса д. 7 969515;15;180
92;Жидкий;клх Котельнич ул. Магистральная д. 6/1 к. 6 501058;12;192
93;Радость;г. Белгород ш. Рабочее д. 378 стр. 4/1 292343;13;182
94;Полоска;д. Нефтеюганск наб. Приозерная д. 3 451454;14;266
95;Дружно;с. Шатой бул. Черняховского д. 157 к. 31 133403;16;160
96;Приличный;п. Вилюйск алл. Урицкого д. 28 776330;18;234
97;Инвалид;клх Листвянка (Иркут.) ул. Мусы Джалиля д. 32 стр. 8/8 766036;14;238
98;Дошлый;п. Джейрах алл. Димитрова д. 9/9 к. 6 236737;7;105
99;Ученый;п. Щельяюр ш. Подлесное д. 5 стр. 1/2 048608;9;108
100;Очутиться;ст. Назрань бул. Дзержинского д. 8/5 999962;18;306
101;Аллея;п. Ханты-Мансийск бул. Омский д. 2/2 597404;1;15
102;Выдержать;г. Саранск пер. Плеханова д. 829 стр. 238 880688;2;40
103;Прежний;г. Яр-Сале пр. Микрорайон д. 84 стр. 8 538494;19;304
104;Сомнительный;д. Ессентуки ш. Папанина д. 899 к. 5/4 875825;11;198
105;Монета;клх Усть-Джегута бул. Краснофлотский д. 69 к. 9/3 236876;18;270
106;Степь;г. Октябрьский (Башк.) бул. Нахимова д. 4/1 938567;20;400
107;Потрясти;ст. Токсово алл. Енисейская д. 935 к. 6 225445;18;306
108;Подземный;д. Красноуральск бул. Иркутский д. 352 стр. 27 371570;15;180
109;Дурацкий;г. Чегем ул. Тамбовская д. 3/6 стр. 83 976308;8;104
110;Услать;г. Камышин алл. Родниковая д. 66 стр. 1 950582;11;220
111;Угроза;ст. Великие Луки бул. Песочный д. 7/9 945155;17;340
112;Умолять;п. Усть-Кулом бул. Волжский д. 27 стр. 5/1 245180;4;76
113;Передо;п. Новомичуринск наб. Кооперативная д. 128 696413;12;240
114;Бочок;ст. Каменномостский пр. Жуковского д. 18 к. 80 435710;10;170
115;Сынок;д. Учалы ш. Томское д. 824 к. 1 456995;16;192
116;Постоянный;с. Адлер пер. Полевой д. 81 481333;13;156
117;Тюрьма;ст. Кандалакша бул. Щетинкина д. 7/1 к. 492 637116;16;256
118;Ночь;клх Котельнич пер. Южный д. 29 стр. 889 057659;1;13
119;Славный;с. Таганрог бул. Революционный д. 1/2 стр. 4 465864;20;300
120;Потянуться;клх Кисловодск пер. Свердлова д. 90 стр. 5 544493;19;304
121;Висеть;д. Нижний Тагил ш. Чехова д. 7 стр. 1 226752;15;210
122;Советовать;г. Тутаев наб. Беляева д. 8 к. 1 024341;13;247
123;Призыв;к. Шереметьево ш. Тюленина д. 54 стр. 9 837727;6;108
124;Темнеть;д. Борзя пер. Зои Космодемьянской д. 3/3 183607;14;224
125;Бегать;клх Тихорецк бул. Трактовый д. 8/1 стр. 88 579724;2;26
126;Плясать;п. Дно бул. Луговой д. 5/4 135878;16;320
127;Пища;клх Кинешма алл. Озерная д. 5/9 стр. 62 434034;8;160
128;Миллиард;ст. Новомичуринск алл. Лазо д. 2/4 к. 556 183052;16;240
129;Зато;г. Северо-Курильск пр. Жданова д. 1/4 488255;10;190
130;Чувство;ст. Верхний Уфалей алл. Ореховая д. 7/8 к. 25 603217;7;70
131;Даль;д. Новочеркасск алл. Димитрова д. 6 к. 76 486746;6;78
132;Призыв;д. Киров (Вятка) наб. Вавилова д. 3/1 стр. 532 590622;5;65
133;Подземный;г. Бреды бул. Пожарского д. 5/4 379254;2;20
134;Выгнать;г. Оренбург алл. Космонавтов д. 657 673903;1;20
135;Передо;п. Калач-на-Дону ул. Ломоносова д. 383 048385;7;112
136;Порода;ст. Славянск-на-Кубани пер. Куйбышева д. 1 к. 69 429439;14;168
137;Понятный;к. Верхний Уфалей бул. Овражный д. 5/5 к. 74 187881;2;24
138;Банда;ст. Мирный пр. Ульяновский д. 40 стр. 681 118320;17;255
139;Секунда;п. Катайск ул. Московская д. 19 стр. 81 615692;1;16
140;Висеть;к. Шумиха пер. Отрадный д. 8/8 430481;15;285
141;Посидеть;г. Катайск наб. Береговая д. 14 к. 581 747276;10;120
142;Шлем;г. Красновишерск пер. Тукая д. 633 стр. 62 260346;13;247
143;Еврейский;п. Ноябрьск алл. Воровского д. 496 938700;19;228
144;Наслаждение;г. Кущевская наб. Победы д. 8/6 стр. 6/2 388338;13;260
145;Кпсс;к. Пушкино (Моск.) пер. Казачий д. 554 стр. 4/6 014690;17;272
146;Миф;к. Токсово ул. Пригородная д. 30 077919;15;180
147;Руководитель;п. Новый Оскол ул. Коммунальная д. 8 к. 7/3 428499;5;75
148;Левый;д. Гагарин бул. Монтажников д. 17 к. 8/6 497448;3;54
149;Правильный;г. Лодейное Поле пер. Ярославский д. 6 стр. 790 431690;12;144
150;Парень;д. Курильск ул. Фабричная д. 256 стр. 9 987140;20;260
151;Жестокий;д. Середниково бул. Городской д. 7/6 к. 4/9 387018;4;64
152;Вперед;клх Кондопога наб. Кольцевая д. 72 607064;8;128
153;Развернуться;с. Буйнакск алл. Транспортная д. 262 190909;10;200
154;Песня;к. Ялуторовск ул. Балтийская д. 5/3 стр. 1 435252;12;204
155;Неправда;с. Мичуринск ш. Николаева д. 6 стр. 2 617105;15;255
156;Князь;ст. Новомосковск бул. Заречный д. 443 120604;8;160
157;Светило;с. Калининград ул. Гончарова д. 2/3 к. 787 409686;12;228
158;Издали;п. Новосибирск алл. Дальняя д. 494 234583;20;300
159;Трубка;ст. Корсаков ул. Карьерная д. 1/3 стр. 65 344904;8;128
160;Мгновение;п. Магнитогорск пр. Беляева д. 6/1 595450;12;156
161;Возбуждение;д. Минеральные Воды ш. Крупской д. 7 623653;15;285
162;Природа;к. Стрежевой пр. Одесский д. 8/7 856612;20;220
163;Затянуться;г. Пушкино (Моск.) ул. Калужская д. 9 к. 8/4 763918;8;136
164;Горький;клх Обоянь пр. Новостройка д. 7/4 стр. 8/7 835868;12;144
165;Покидать;клх Беломорск алл. Вокзальная д. 2 к. 79 861089;10;120
166;Ставить;к. Нерчинск ул. Астраханская д. 6 стр. 2/7 502144;6;108
167;Дрогнуть;п. Домодедово пр. Автомобилистов д. 75 к. 1 835096;6;60
168;Смертельный;п. Руза пр. Черноморский д. 21 к. 91 362281;8;144
169;Видимо;п. Калач наб. Мелиораторов д. 36 к. 99 241059;6;96
170;Передо;г. Таштагол пер. Карла Маркса д. 20 стр. 385 357765;1;15
171;Скользить;клх Малгобек алл. Малиновая д. 4 к. 46 759501;5;70
172;Уронить;п. Дивногорск алл. Ильича д. 17 163266;14;252
173;Парень;к. Светлогорск (Калин.) алл. Ручейная д. 440 стр. 56 937236;12;204
174;Гулять;с. Азов (Рост.) наб. Болотная д. 9/2 стр. 74 949793;4;40
175;Ложиться;к. Сибай наб. Боровая д. 88 стр. 90 856820;11;165
176;Покидать;клх Избербаш алл. Бажова д. 1/3 стр. 316 581428;1;16
177;Ярко;г. Ивдель алл. Овражная д. 92 815986;6;114
178;Палка;г. Новокузнецк пр. Стадионный д. 18 к. 976 814808;16;176
179;Возмутиться;клх Щелково бул. Седова д. 486 648721;8;88
180;Вскакивать;с. Челюскин алл. Павлика Морозова д. 82 стр. 1 829316;19;247
181;Граница;с. Хоста ул. Шоссейная д. 3 стр. 66 184680;18;360
182;Поздравлять;клх Серафимович бул. Союзный д. 9 943958;12;144
183;Пятеро;г. Волхов наб. Микрорайон д. 3/7 стр. 95 748070;16;304
184;Роскошный;д. Каменномостский наб. Пушкинская д. 1/5 стр. 4/1 452870;4;76
185;Тусклый;п. Гатчина ул. Металлургов д. 64 484231;10;120
186;Отдел;д. Минусинск ш. Карла Маркса д. 4/3 стр. 1 299344;8;96
187;Исполнять;ст. Стрежевой ш. Свободное д. 5 853888;18;270
188;Интеллектуальный;ст. Гаврилов-Ям алл. 70 лет Октября д. 24 стр. 52 543517;2;26
189;Изучить;к. Новомичуринск пр. Волочаевский д. 3 к. 96 780153;20;340
190;Пастух;г. Балашов ул. Энергетическая д. 8 к. 8 092241;1;19
191;Чувство;ст. Воскресенск алл. Линейная д. 4 к. 9 216722;10;160
192;Очко;к. Гремячинск (Бурят.) пер. Пушкинский д. 32 922306;16;240
193;Соответствие;к. Таштагол пер. Волкова д. 1 стр. 3 801136;15;180
194;Устройство;с. Темрюк бул. 8-е Марта д. 2/9 стр. 948 055172;14;140
195;Зарплата;г. Ржев наб. Шмидта д. 8 стр. 4 626353;19;323
196;Мотоцикл;к. Вилюйск ш. Космонавтов д. 6 к. 83 197628;5;100
197;Налоговый;п. Апрелевка бул. Луначарского д. 2 к. 4 177273;2;36
198;Расстегнуть;клх Дно алл. Заливная д. 9/5 стр. 697 330407;1;16
199;Дрогнуть;клх Чермоз алл. Поселковая д. 56 к. 6 396186;12;204
200;Команда;к. Каменномостский бул. Пушкина д. 8/3 стр. 196 875483;8;112
201;Висеть;п. Кызыл ш. Чернышевского д. 652 к. 557 834353;4;44
202;Заявление;г. Сухиничи пр. Ручейный д. 912 стр. 4 698248;14;196
203;Степь;к. Ессентуки бул. Придорожный д. 2/3 463765;13;260
204;Изредка;ст. Уэлен ул. Большевистская д. 73 685936;8;128
205;Промолчать;д. Сальск наб. Ермака д. 6/7 522046;6;120
206;Серьезный;г. Пенза пер. Гаражный д. 2/4 стр. 219 177479;17;340
207;Ложиться;п. Новгород Великий алл. 50 лет Октября д. 21 стр. 909 361752;15;225
208;Равнодушный;д. Макушино алл. Воронежская д. 92 стр. 405 973932;10;140
209;Вряд;д. Раменское наб. Кедровая д. 2 140323;17;238
210;Расстройство;д. Северо-Курильск алл. Чернышевского д. 28 к. 42 754309;3;30
211;Посидеть;с. Александровск ул. Короткая д. 4 стр. 842 539130;11;165
212;Соответствие;к. Ельня ул. Крымская д. 28 720041;14;154
213;Факультет;г. Токсово пер. Герцена д. 513 990913;1;13
214;Налево;д. Кажим ул. Омская д. 3/6 004336;4;76
215;Дошлый;клх Бологое наб. Весенняя д. 84 стр. 1/8 782188;1;13
216;Ход;с. Нижнеудинск бул. Восточный д. 84 стр. 111 677664;9;135
217;Кпсс;д. Двинской ул. Лунная д. 2 730190;16;176
218;Теория;г. Жуковский пр. Абрикосовый д. 941 стр. 3 809750;11;187
219;Руководитель;д. Двинской пр. 30 лет Победы д. 3/9 к. 796 845422;8;80
220;Стакан;п. Тамбов бул. Куйбышева д. 679 к. 753 884203;13;234
221;Природа;клх Серебряные Пруды бул. Свободы д. 551 814567;10;130
222;Палка;п. Йошкар-Ола бул. Владимирский д. 1/6 стр. 7 153756;18;270
223;Естественный;д. Тихорецк ул. Флотская д. 8/5 к. 3/9 085116;16;160
224;Ответить;ст. Цимлянск ш. Сурикова д. 83 стр. 346 004673;3;45
225;Потрясти;к. Одинцово ул. Папанина д. 367 520692;1;14
226;Совещание;к. Кизел ул. Слободская д. 6/2 стр. 8/4 275295;15;210
227;Некоторый;клх Усинск алл. Громова д. 888 983487;15;300
228;Палата;п. Апатиты пр. Беляева д. 22 стр. 426 641348;20;220
229;Казнь;г. Ельня пр. Лесный д. 45 к. 4 716878;8;104
230;Добиться;с. Славгород ш. Тенистое д. 21 к. 10 873185;3;39
231;Разнообразный;п. Меренга пер. 8 Марта д. 74 к. 9/8 894810;15;180
232;Интернет;п. Псков наб. Ягодная д. 221 стр. 64 927931;9;99
233;Возникновение;клх Белоярский пер. Железнодорожный д. 40 542046;9;135
234;Пропасть;д. Шумиха наб. Папанина д. 722 к. 5/4 425106;5;95
235;Вскакивать;клх Черняховск ш. Дарвина д. 4 к. 99 016121;9;171
236;Затянуться;д. Тихорецк наб. Высотная д. 3/4 442803;5;65
237;Издали;к. Братск пер. Леваневского д. 6/4 к. 3 068778;7;112
238;Еврейский;ст. Тымовское алл. Мусы Джалиля д. 4/7 к. 68 784544;16;160
239;Видимо;п. Гремячинск (Бурят.) ул. Полярная д. 757 284415;10;170
240;Промолчать;д. Красноярск бул. Ветеранов д. 56 к. 793 879543;6;108
241;Миг;ст. Камень-на-Оби ш. Герцена д. 3 494761;20;240
242;Отметить;д. Долинск бул. Садовый д. 729 729754;3;33
243;Увеличиваться;г. Сызрань ш. 40 лет Октября д. 652 стр. 3 348070;7;133
244;Неожиданный;с. Кировск (Мурм.) пер. Вавилова д. 1/1 347050;8;136
245;Лапа;с. Анива ш. Северное д. 5 539490;11;220
246;Миф;с. Ряжск пр. Никитина д. 69 стр. 827 587939;10;170
247;Естественный;клх Инта бул. Окружной д. 9/1 892420;11;143
248;Идея;г. Краснодар пер. Луговой д. 3/6 752763;9;126
249;Демократия;г. Шереметьево наб. Логовая д. 19 к. 4/5 653352;4;56
250;Эффект;ст. Воркута бул. Минский д. 7/9 810919;8;152
251;Табак;п. Кострома алл. Казачья д. 1 501975;11;154
252;Иной;клх Братск ул. Садовая д. 1/5 к. 9 111425;18;216
253;Поезд;г. Усинск пр. Станиславского д. 7 к. 69 953573;14;252
254;Промолчать;клх Нефтекамск алл. Железнодорожная д. 8 к. 697 500937;19;361
255;Носок;с. Слюдянка пер. Горького д. 21 стр. 1/9 017493;19;285
256;Казнь;д. Неплюевка пер. Гагарина д. 1 к. 167 260448;13;156
257;Освободить;д. Подольск ул. Моховая д. 36 к. 51 865526;20;220
258;Спасть;с. Пинега алл. Полевая д. 58 стр. 649 564224;17;289
259;Космос;ст. Сальск бул. Элеваторный д. 663 746156;13;143
260;Команда;с. Бологое алл. Осенняя д. 8 к. 828 392369;13;208
261;Необычный;ст. Зеленогорск (Ленин.) наб. Литейная д. 9/6 к. 3/9 619093;4;40
262;Цель;д. Сибай алл. Студенческая д. 1 стр. 97 952615;17;204
263;Выкинуть;клх Сосьва (Хант.) ш. Кубанское д. 604 к. 170 975476;8;152
264;Тута;с. Саратов бул. Чехова д. 855 стр. 5/1 921939;5;50
265;Заявление;с. Тырныауз алл. Линейная д. 940 675834;2;32
266;Интеллектуальный;г. Тулун бул. Покровский д. 22 стр. 807 669700;3;33
267;Вообще;с. Карачаевск бул. Рябиновый д. 289 994437;2;38
268;Командир;п. Верхоянск алл. Чайковского д. 506 к. 51 875519;16;224
269;Засунуть;клх Добрянка бул. 50 лет Победы д. 368 525605;18;252
270;Космос;г. Пушкин ш. Таежное д. 7 042333;12;192
271;Тревога;к. Гатчина ш. Нефтяников д. 4/7 822106;20;280
272;Засунуть;клх Звенигород ш. Вахитова д. 5/4 073682;3;33
273;Пересечь;с. Буйнакск алл. Нефтяников д. 8/3 стр. 8/6 357885;6;102
274;Аж;к. Саратов алл. Фрунзе д. 6 к. 20 294841;18;180
275;Аж;с. Каспийск алл. Овражная д. 8/8 стр. 776 465628;14;280
276;Около;к. Урай пр. Инженерный д. 10 к. 9/6 806663;20;200
277;Коллектив;клх Черняховск ш. Степное д. 9/7 к. 3/7 788223;14;196
278;Поговорить;ст. Ямбург наб. Мирная д. 3 597895;13;143
279;Угроза;к. Хоста наб. Коммуны д. 368 842365;1;17
280;Ныне;г. Александровск-Сахалинский пр. Республиканский д. 6 стр. 216 482203;18;270
281;Грудь;к. Приморско-Ахтарск ш. Брянское д. 220 к. 8 097627;13;169
282;Житель;д. Бийск пр. Урожайный д. 99 146778;7;112
283;Кпсс;п. Воронеж пер. Тургенева д. 60 к. 9 821006;1;14
284;Поколение;д. Юрюзань пер. Орджоникидзе д. 155 к. 685 273846;19;190
285;Функция;д. Вологда ул. Лазурная д. 545 158446;1;16
286;Салон;ст. Кашхатау пер. Енисейский д. 332 759292;18;252
287;Бегать;п. Звенигород бул. Орловский д. 2 стр. 856 344774;5;55
288;Упор;д. Октябрьское (Хант.) пр. Детский д. 902 360074;8;152
289;Назначить;д. Сальск ул. Курчатова д. 2 532483;1;17
290;Ботинок;ст. Балашов наб. Ягодная д. 2 стр. 8 667371;1;14
291;Угроза;клх Всеволожск алл. Производственная д. 245 869534;12;168
292;Дальний;к. Сургут (Хант.) бул. Ленинградский д. 1 166639;17;238
293;Нажать;д. Беслан бул. Калинина д. 5 к. 72 847415;9;117
294;Изредка;п. Якутск пр. Омский д. 872 к. 7 249445;3;60
295;Оборот;с. Невинномысск ул. Вахитова д. 5 854553;19;266
296;Ложиться;п. Грозный бул. Жукова д. 14 к. 8/8 761412;13;221
297;Расстегнуть;с. Ульяновск пр. Челюскинцев д. 5/6 стр. 76 111449;12;144
298;Самостоятельно;г. Воркута бул. Энергетический д. 5/1 к. 1/1 426687;11;143
299;Научить;г. Елатьма пер. Красина д. 66 854581;7;70
300;Пропадать;г. Якша наб. Волгоградская д. 80 483513;12;180
301;Присесть;ст. Шуя ш. Мелиораторов д. 920 стр. 671 832042;3;57
302;Умолять;д. Сковородино алл. 9 мая д. 4/4 стр. 8 793096;17;170
303;Прежде;г. Меренга пер. Речной д. 512 210782;6;108
304;Ныне;д. Шуя пр. 50 лет Октября д. 984 стр. 8/7 786049;8;152
305;Грудь;д. Обоянь пр. Металлургов д. 30 155476;12;228
306;Крыса;ст. Ижевск ул. Крылова д. 75 к. 1 947210;8;144
307;Роса;к. Сунтар наб. Марта 8 д. 7/9 799452;7;84
308;Отъезд;с. Салават пр. Дружба д. 525 стр. 6 156813;5;70
309;Вперед;с. Гаврилов-Ям ул. Мира д. 3/6 397589;14;252
310;Пропаганда;д. Балтийск наб. Тельмана д. 24 409519;8;136
311;Развитый;клх Аша алл. Восточная д. 143 стр. 7/4 125038;12;216
312;Смеяться;клх Усть-Джегута пр. Хуторской д. 91 220384;6;102
313;Изучить;д. Семлячики ш. Орджоникидзе д. 43 стр. 846 930741;8;112
314;Поезд;с. Рязань ул. Кузнецова д. 346 к. 1 231937;8;88
315;Миллиард;с. Новый Уренгой наб. Дальневосточная д. 92 стр. 618 491249;12;144
316;Командующий;к. Руза ул. Лесхозная д. 756 302549;6;90
317;Вряд;п. Каменск-Уральский ш. Космонавтов д. 8/7 стр. 4 719346;2;24
318;Угодный;д. Лабытнанги ул. Привокзальная д. 5 стр. 84 997592;7;98
319;Изба;к. Теберда ул. Мельничная д. 7 стр. 90 134421;16;256
320;Головка;г. Апшеронск ул. Школьная д. 736 814768;19;342
321;Крыса;г. Ангарск алл. Тенистая д. 4 006166;10;150
322;Желание;г. Усть-Баргузин ш. Марта 8 д. 9 к. 9/9 368513;19;323
323;Выразить;г. Новороссийка пр. ДОС д. 9/2 422960;8;160
324;Дурацкий;д. Шали пр. Весенний д. 877 стр. 71 983687;18;306
325;Выражение;п. Аша ул. Братская д. 5 стр. 3/7 448978;7;77
326;Рис;с. Троицк (Челяб.) пр. Малиновый д. 9 стр. 2/1 108016;16;272
327;Зеленый;д. Невьянск пер. 60 лет Октября д. 1/8 стр. 9 663161;15;195
328;Заработать;д. Яр-Сале алл. Красноярская д. 8/2 стр. 5 951424;16;240
329;Радость;д. Камышин ш. Кузнецкое д. 95 к. 46 177057;18;342
330;Наткнуться;ст. Воскресенск алл. Строителей д. 9 384408;7;84
331;Выражение;ст. Серов ул. Маяковского д. 71 к. 2 784480;9;162
332;Секунда;с. Усть-Илимск наб. Макарова д. 85 стр. 366 804113;9;126
333;Художественный;г. Глазов пр. Чапаева д. 1 стр. 5/9 138224;12;144
334;Ремень;д. Шатки ш. Вавилова д. 807 744574;17;204
335;Мягкий;д. Качканар ул. Студенческая д. 971 к. 964 084073;15;285
336;Табак;клх Дмитров пр. Юбилейный д. 9/2 к. 41 471728;2;30
337;Возмутиться;ст. Кандалакша наб. Карьерная д. 6/5 806856;19;304
338;Коммунизм;ст. Шарья наб. Станиславского д. 7 381936;1;14
339;Бочок;к. Нижнеудинск пр. Железнодорожный д. 2/7 стр. 4 276808;16;208
340;Мусор;клх Россошь ул. Максима Горького д. 9/8 стр. 1 600970;10;170
341;Эпоха;д. Дагомыс наб. Техническая д. 6 697619;1;17
342;Сверкающий;г. Кижи ш. Олимпийское д. 983 к. 3/4 233724;15;195
343;Приходить;ст. Губаха ш. Привокзальное д. 881 к. 6 645557;12;144
344;Задержать;д. Александровск ул. Войкова д. 131 стр. 7 689139;10;200
345;Новый;клх Южноуральск ш. Энтузиастов д. 6 стр. 1/1 112937;19;380
346;Носок;д. Южно-Сахалинск наб. Курчатова д. 95 к. 41 630633;17;323
347;Палата;д. Тамбов пер. Кедровый д. 59 187665;18;198
348;Покидать;д. Туапсе алл. Ленская д. 2/4 827779;3;33
349;Радость;г. Шатой бул. Вокзальный д. 47 стр. 3/8 048208;11;165
350;Полоска;ст. Иваново пер. Выгонный д. 558 стр. 96 879252;4;80
351;Тюрьма;г. Приозерск алл. 70 лет Октября д. 41 стр. 5 298262;17;289
352;Зеленый;ст. Переславль-Залесский пр. Макарова д. 7/6 стр. 81 692681;5;80
353;Функция;д. Карачаевск наб. Привокзальная д. 1/8 стр. 6 561868;18;180
354;Развернуться;с. Таганрог наб. Тепличная д. 3 к. 1 740775;13;182
355;Салон;д. Петропавловск-Камчатский пр. Молодежный д. 641 652688;1;15
356;Налево;ст. Серпухов пр. Строительный д. 6/4 к. 48 309996;17;255
357;Мгновение;д. Павловская ул. Проточная д. 97 к. 91 496361;12;216
358;Хлеб;п. Переславль-Залесский наб. Волочаевская д. 83 300475;3;48
359;Житель;п. Магнитогорск наб. Больничная д. 627 стр. 93 777747;2;36
360;Потрясти;г. Волхов наб. Средняя д. 851 222639;11;165
361;Хлеб;клх Дзержинск наб. Коллективная д. 939 187809;16;288
362;Передо;ст. Обнинск алл. 50 лет ВЛКСМ д. 54 стр. 422 738807;7;119
363;Кольцо;д. Юровск наб. Волочаевская д. 7/9 220266;4;76
364;Идея;ст. Черкесск ул. Металлургов д. 6 054729;12;204
365;Карман;к. Долинск алл. Пушкина д. 7/8 стр. 73 903889;19;228
366;Освобождение;г. Домбай наб. Геологов д. 3/5 стр. 76 704107;2;26
367;Коммунизм;п. Троицк (Моск.) наб. Механическая д. 19 550319;7;126
368;Близко;клх Магнитогорск ул. Есенина д. 59 стр. 9 485839;10;150
369;Плод;п. Сеймчан бул. Подгорный д. 5/4 стр. 8 906332;8;144
370;Другой;к. Мелеуз пер. Фадеева д. 57 651939;2;34
371;Багровый;к. Карталы ш. Свободы д. 6 стр. 3/2 245312;20;260
372;Смелый;с. Учалы бул. Металлистов д. 50 к. 5/2 969560;3;42
373;Вздрогнуть;д. Соль-Илецк ул. Щорса д. 9 к. 230 846096;14;224
374;Угроза;к. Камышин ул. Щетинкина д. 98 к. 860 431068;20;200
375;Механический;с. Калач-на-Дону пер. Папанина д. 429 стр. 62 543102;1;20
376;Свежий;г. Нефтегорск (Самар.) ул. Тукая д. 68 стр. 2 326469;8;128
377;Необычный;с. Билибино бул. Семашко д. 6 к. 1 756200;8;96
378;Развернуться;п. Усть-Джегута алл. Отрадная д. 1 к. 838 714611;13;169
379;Указанный;к. Тихорецк наб. Ватутина д. 617 151422;14;168
380;Присесть;п. Егорьевск алл. Азина д. 840 стр. 5/6 429480;1;18
381;Песня;клх Владимир ш. Клубное д. 85 774333;2;32
382;Советовать;д. Архыз бул. Ильича д. 10 483040;18;324
383;Горький;ст. Карабудахкент пр. Новгородский д. 19 к. 7/3 680275;3;39
384;Госпожа;к. Абакан бул. Станционный д. 15 стр. 2 732383;16;160
385;Художественный;клх Рязань ш. Павлика Морозова д. 31 987871;13;234
386;Каюта;клх Калининград ул. Кирова д. 266 стр. 3 408456;17;289
387;Покинуть;г. Троицко-Печорск алл. Ручейная д. 25 стр. 39 191333;8;112
388;Применяться;с. Видное ул. 30 лет Победы д. 7/9 к. 949 820253;8;136
389;Разнообразный;п. Кажим пр. Полевой д. 4 к. 1/3 614689;12;240
390;Выражение;г. Губаха пр. Азина д. 7/7 938490;1;12
391;Карандаш;к. Тайшет алл. Репина д. 945 к. 4/6 387786;20;300
392;Висеть;п. Тырныауз наб. Стахановская д. 99 стр. 14 615524;5;90
393;Через;ст. Алагир ул. Орловская д. 61 289914;15;285
394;Развитый;г. Слюдянка наб. Ветеранов д. 75 504945;11;198
395;Ставить;к. Тавда ул. 70 лет Октября д. 6/6 стр. 122 474896;5;80
396;Плод;г. Вендинга наб. Санаторная д. 85 037392;16;240
397;Кожа;к. Кинешма алл. Мелиораторов д. 7 680364;17;204
398;Желание;к. Новочеркасск бул. Механический д. 78 стр. 6/9 772578;6;60
399;Разнообразный;д. Голицыно ул. Иванова д. 821 640911;6;114
400;Спасть;клх Абинск ш. Станиславского д. 68 801090;14;168
401;Решетка;п. Кунгур наб. Азина д. 58 стр. 1 926648;5;100
402;Житель;клх Торжок пр. 50 лет Октября д. 298 стр. 8/3 697950;11;209
403;Командир;ст. Новороссийка ул. Подгорная д. 8 150245;17;306
404;Адвокат;ст. Аша бул. О.Кошевого д. 1 к. 4/8 503302;16;192
405;Командование;п. Агинское (Забайк.) пр. Герцена д. 9/3 188547;3;45
406;Доставать;ст. Егорьевск ул. Высокая д. 777 к. 515 638923;17;238
407;Призыв;с. Великие Луки пер. Прибрежный д. 31 931017;20;360
408;Порт;ст. Нефедова алл. Ворошилова д. 5/2 762537;8;96
409;Дорогой;ст. Кизляр пер. Белорусский д. 83 к. 5/9 941693;4;80
410;Вряд;п. Карабудахкент пр. Портовый д. 6 919482;12;204
411;Народ;д. Александровск ш. Строительное д. 515 588683;6;60
412;Помимо;д. Макушино ул. Ватутина д. 82 к. 1 385186;7;112
413;Полюбить;ст. Усть-Калманка пер. Первомайский д. 4 стр. 23 949988;17;170
414;Роскошный;п. Пенза пр. Плеханова д. 20 518471;13;234
415;Висеть;с. Агинское (Забайк.) ш. Советское д. 43 стр. 56 315058;9;99
416;Тяжелый;к. Пушкино (Моск.) пер. Сплавный д. 38 к. 19 258108;2;30
417;Подробность;клх Новороссийка ш. Сосновое д. 84 стр. 468 036325;19;285
418;Термин;п. Борзя ш. Набережное д. 32 809735;4;72
419;Плод;п. Южно-Сахалинск пер. Амурский д. 320 519414;9;153
420;Степь;клх Лагань пр. Серафимовича д. 2/5 стр. 2/8 704464;16;320
421;Труп;д. Игнашино пр. 1 Мая д. 634 953439;3;45
422;Виднеться;д. Североуральск бул. О.Кошевого д. 687 к. 786 909569;16;320
423;Мотоцикл;к. Кудымкар алл. Крайняя д. 2 374121;12;156
424;Ложиться;п. Кулу пр. Донской д. 7/7 стр. 406 312783;19;209
425;Ягода;к. Ясный (Оренб.) ш. К.Маркса д. 8/7 стр. 2/3 676846;19;285
426;За;д. Югорск алл. Дальняя д. 9 220260;9;162
427;Бочок;к. Павловская наб. Локомотивная д. 2/4 стр. 339 158389;14;182
428;Июнь;п. Кандалакша ш. Дальнее д. 863 стр. 9 700604;12;120
429;Печатать;ст. Армавир пер. Северный д. 3 326525;10;150
430;Мелочь;клх Курумкан бул. Монтажников д. 4 к. 88 768604;6;84
431;Коробка;г. Красноселькуп пер. Фрунзе д. 6/4 стр. 7/8 873298;10;200
432;Жестокий;клх Соль-Илецк бул. Шаумяна д. 6/7 стр. 737 082401;17;187
433;Развитый;п. Семлячики пер. Механизаторов д. 768 стр. 1/3 319467;19;361
434;Свежий;ст. Артем ул. Щетинкина д. 6/5 стр. 770 865822;2;30
435;Доставать;клх Пинега ул. Короленко д. 7/2 422083;6;114
436;Мягкий;п. Луховицы алл. Ломоносова д. 1 к. 739 527992;3;48
437;Трясти;к. Карабулак ул. Маркса д. 3 стр. 3 254184;1;14
438;Возникновение;ст. Верхоянск ул. Тенистая д. 622 785812;13;182
439;Вчера;ст. Приозерск алл. Озерная д. 4 667924;3;45
440;Горький;ст. Гатчина наб. Просторная д. 55 стр. 802 195645;6;90
441;Интернет;д. Новосибирск пер. Лазо д. 5/9 341965;5;70
442;Близко;клх Ялуторовск наб. Красная д. 52 стр. 21 391817;10;200
443;Уронить;г. Салават пер. Дальневосточный д. 339 к. 185 673919;6;114
444;Пятеро;с. Заводоуковск ш. Карла Либкнехта д. 19 к. 4/2 879344;20;200
445;Смертельный;д. Верхотурье наб. Мостовая д. 23 160123;18;360
446;Космос;п. Нижневартовск ш. Урожайное д. 5/3 029483;6;114
447;Мягкий;г. Егорьевск бул. Астраханский д. 752 223660;10;190
448;Похороны;клх Раменское алл. Мая 1 д. 157 к. 52 768032;14;280
449;Ведь;клх Обоянь пер. Транспортный д. 9 654732;13;182
450;Указанный;к. Кирово-Чепецк алл. Красногвардейская д. 1 стр. 9/9 500292;5;80
451;Кузнец;г. Вязьма алл. Энергетическая д. 52 к. 3/2 277852;11;176
452;Командование;ст. Поярково ш. Деповское д. 6 стр. 2/6 294944;4;44
453;Волк;к. Белгород бул. Льва Толстого д. 30 к. 739 081594;13;260
454;Ломать;с. Юрьев-Польский пер. Розы Люксембург д. 76 к. 693 159375;8;80
455;Возмутиться;п. Златоуст бул. Надежды д. 5/6 291904;4;60
456;Казнь;к. Середниково наб. Дарвина д. 664 стр. 1/3 400618;12;144
457;А;г. Минусинск пр. Угольный д. 7/9 стр. 2/4 809386;15;255
458;Ответить;клх Екатеринбург бул. Степной д. 32 к. 6/3 879546;2;32
459;Плод;ст. Жигулевск бул. Смирнова д. 63 261325;1;17
460;Доставать;д. Домбай алл. Кедровая д. 92 311931;20;240
461;Человечек;п. Нижневартовск ул. Гончарова д. 1/1 931934;19;323
462;Слишком;д. Брянск алл. Курская д. 8/3 386041;16;240
463;Правление;ст. Губаха пер. Павлика Морозова д. 3 стр. 927 906329;14;182
464;Помолчать;д. Агинское (Забайк.) пр. Кольцевой д. 4 к. 7/5 073638;12;240
465;Палата;клх Нижний Тагил алл. Парковая д. 169 043904;12;120
466;Носок;с. Мокшан алл. Сплавная д. 5/2 493567;6;120
467;Идея;ст. Губкинский ш. Гоголя д. 4/3 890086;12;216
468;Чувство;д. Шахты бул. Родниковый д. 4/8 к. 34 546138;15;150
469;Упор;д. Одинцово наб. Медицинская д. 52 стр. 1/4 566800;4;80
470;Неожиданно;с. Калининград ул. Семашко д. 4 к. 8/6 493193;8;152
471;Жить;г. Южно-Курильск ул. Большая д. 8/5 стр. 301 828818;4;40
472;Естественный;д. Ивдель наб. Петровская д. 3 045149;9;90
473;Материя;г. Кемерово алл. Новая д. 635 к. 938 904975;17;170
474;Смеяться;ст. Якша ш. Крылова д. 759 стр. 681 754224;12;144
475;Спешить;с. Листвянка (Иркут.) пр. Отрадный д. 30 к. 2/6 464055;18;342
476;Избегать;ст. Великий Устюг алл. Целинная д. 3/6 стр. 675 046305;4;76
477;Заявление;к. Челюскин алл. Семашко д. 33 641201;9;180
478;Редактор;г. Чита пр. Береговой д. 2 976447;7;105
479;Порог;клх Верхний Баскунчак пер. Кошевого д. 9/7 стр. 2 178929;19;209
480;Рабочий;к. Серафимович ул. Докучаева д. 974 стр. 8/6 305970;1;10
481;Рота;г. Усть-Калманка ш. Щетинкина д. 53 стр. 510 100107;13;247
482;Выраженный;к. Соликамск пер. Осипенко д. 3/7 225018;13;234
483;Покидать;ст. Кабанск пр. Сурикова д. 3 к. 808 437361;2;28
484;Строительство;п. Карталы пер. Сельский д. 553 к. 2 802716;17;289
485;Хлеб;клх Жиганск пр. Набережный д. 7 стр. 81 666319;17;170
486;Витрина;клх Тосно ул. Чкалова д. 2/8 565469;7;98
487;Степь;к. Кулунда наб. Кольцевая д. 4 556197;17;323
488;Равнодушный;клх Талдом наб. Ульяновская д. 71 984855;10;100
489;Четко;ст. Псков алл. Осенняя д. 3/2 стр. 89 551612;4;64
490;Сходить;г. Кировск (Мурм.) ул. Сплавная д. 2/6 стр. 423 368775;14;252
491;Угроза;п. Сыктывкар ш. Строителей д. 469 132839;14;210
492;Палка;ст. Щелково пер. Зеленый д. 80 к. 1 953855;7;133
493;Функция;с. Верещагино (Перм.) наб. Балтийская д. 8/1 к. 6/8 395985;16;304
494;Возмутиться;к. Каспийск пр. Подстанция д. 475 к. 2/1 774271;2;40
495;Носок;д. Кинешма пер. Фабричный д. 1/8 стр. 7 790192;14;238
496;Полоска;ст. Агата алл. Белинского д. 9 180502;14;182
497;Понятный;к. Всеволожск наб. Революционная д. 5 стр. 4 759752;11;220
498;Карандаш;д. Тобольск наб. Шолохова д. 3 к. 14 737336;1;10
499;Встать;г. Тулпан алл. Новосельская д. 1 590672;6;120
500;Коробка;д. Лабинск ул. Чайковского д. 5/2 стр. 1 175594;12;120
501;Доставать;ст. Петрозаводск наб. Волкова д. 9/9 147325;6;72
502;Засунуть;г. Карталы пер. Гагарина д. 94 к. 6 076956;4;56
503;Направо;ст. Кижи алл. Уральская д. 2/5 647902;1;15
504;Тусклый;ст. Можга ул. Шмидта д. 6 782336;15;300
505;Тревога;к. Светлогорск (Калин.) ш. Большое д. 8/3 к. 790 781301;16;320
506;Карандаш;г. Зеленоград алл. Байкальская д. 6 к. 79 892232;19;361
507;Космос;к. Сасово алл. Азовская д. 3 стр. 73 930642;6;84
508;Умолять;г. Новая Игирма бул. Рыбацкий д. 2 к. 26 971675;5;60
509;Кожа;с. Шелехов бул. Короленко д. 944 709733;10;120
510;Изредка;клх Дмитров ул. Нефтяников д. 9/5 к. 7 303949;2;24
511;Забирать;ст. Лазаревское наб. Линейная д. 8 стр. 617 099573;11;154
512;Экзамен;ст. Клин бул. Специалистов д. 1 434669;12;132
513;Покинуть;п. Тамбов ул. Бригадная д. 708 к. 367 438721;5;75
514;Совет;п. Сергиев Посад алл. Минская д. 4/1 к. 4 619084;9;153
515;Тысяча;клх Анадырь алл. Коммунистическая д. 3/8 к. 246 969722;9;108
516;Основание;клх Касимов бул. Российский д. 287 629495;16;192
517;Сынок;ст. Плесецк наб. Добролюбова д. 7/6 стр. 10 144257;14;168
518;Художественный;п. Баргузин ш. Лесхозное д. 57 стр. 4/2 356126;1;14
519;Издали;г. Адыгейск алл. Минская д. 3/2 к. 1 698620;5;60
520;Угодный;клх Тымовское ш. Химиков д. 3 стр. 79 092369;7;84
521;Выраженный;клх Псков алл. Строительная д. 2/4 стр. 1/3 001026;17;340
522;Уронить;г. Малоярославец ул. Бульварная д. 7/2 270466;3;33
523;Налево;д. Белореченск наб. Короткая д. 6/3 стр. 98 316599;18;252
524;Падать;к. Петухово ул. Смоленская д. 31 847324;11;220
525;Очко;клх Токма ш. Коммуны д. 57 стр. 91 140908;2;24
526;Расстегнуть;п. Шерегеш пер. Луговой д. 9/3 стр. 3 352699;19;266
527;Предоставить;г. Кропоткин (Краснод.) пер. Осенний д. 7/9 687343;11;187
528;Монета;клх Южно-Сахалинск пер. Димитрова д. 3 434149;12;204
529;Совет;п. Уссурийск алл. Жуковского д. 9/5 925670;6;114
530;Шлем;клх Быково (метеост.) ул. Седова д. 78 стр. 7 047382;10;170
531;Совещание;с. Ербогачен пер. Мелиораторов д. 378 стр. 904 400919;17;289
532;Полюбить;клх Новосибирск пр. Шмидта д. 3 стр. 154 242630;14;154
533;Дурацкий;д. Юрьевец (Иван.) пр. Интернациональный д. 7 стр. 97 729157;10;160
534;Решетка;д. Ханты-Мансийск бул. Омский д. 3 698082;9;162
535;Полностью;с. Борзя ул. Есенина д. 7/1 к. 2 315835;9;144
536;Освобождение;к. Гагарин наб. Песочная д. 7 981345;11;154
537;Потянуться;с. Усть-Катав наб. Ульяновская д. 8/8 599871;19;361
538;Поздравлять;п. Яр-Сале бул. Грибоедова д. 2/3 к. 78 174007;13;182
539;Механический;п. Мелеуз ш. Пугачева д. 156 стр. 32 427151;12;180
540;Написать;к. Ребриха бул. Песчаный д. 6 к. 1/7 766443;11;143
541;Соответствие;п. Раменское бул. Докучаева д. 4 стр. 64 646098;13;234
542;Девка;д. Шаховская пр. Пограничный д. 27 396811;14;168
543;Плод;к. Великие Луки пер. Депутатский д. 4 к. 540 392674;17;323
544;Выражение;п. Мичуринск бул. Клубный д. 263 778151;15;210
545;Господь;ст. Крымск ул. Докучаева д. 19 984952;19;361
546;Недостаток;п. Зеленоград алл. Колхозная д. 5 к. 12 412517;18;270
547;Низкий;ст. Курганинск наб. Сиреневая д. 7 к. 18 690641;17;187
548;Слишком;с. Миллерово бул. Тракторный д. 652 883974;14;182
549;Непривычный;с. Шереметьево бул. Сплавный д. 20 стр. 9 108225;11;187
550;Академик;д. Кашира пр. Краснофлотский д. 8 к. 8/4 603757;13;247
551;Поздравлять;к. Улан-Удэ алл. Рабочая д. 3 771645;11;132
552;Плавно;д. Карабулак алл. Чернышевского д. 142 стр. 51 106714;11;198
553;Военный;г. Калуга наб. Коммунистическая д. 662 к. 4/2 847667;16;192
554;Растеряться;п. Лесной (Сверд.) ш. Свободное д. 51 к. 538 337570;1;14
555;Около;ст. Ачинск наб. Нефтяников д. 2 к. 7/5 203019;5;95
556;Близко;с. Пинега пр. Куйбышева д. 9/8 728088;13;169
557;Счастье;п. Бавлы пр. Автомобилистов д. 72 к. 6/7 165919;16;224
558;Пропаганда;г. Малоярославец пр. Высоковольтный д. 8 стр. 1 335103;4;52
559;Строительство;г. Щельяюр алл. Фабричная д. 906 стр. 796 265131;2;36
560;Изучить;г. Тулпан бул. Кедровый д. 1 стр. 9 709888;5;90
561;Вывести;п. Салават бул. Пугачева д. 70 348261;18;306
562;Зато;д. Нурлат наб. Щетинкина д. 249 926192;12;192
563;Термин;клх Диксон пер. Парковый д. 6/1 стр. 54 918746;1;15
564;Интернет;ст. Нягань пр. М.Горького д. 614 153218;8;88
565;Расстегнуть;с. Кущевская пр. Вахитова д. 42 стр. 956 488457;1;16
566;Дьявол;к. Минусинск пр. Прудный д. 2 стр. 83 613384;11;176
567;Столетие;с. Шерегеш пр. Вольный д. 6/6 к. 295 248553;6;60
568;Деловой;к. Луховицы пр. Новгородский д. 154 к. 7/6 315733;15;165
569;Светило;д. Переславль-Залесский алл. Высокая д. 8 419812;13;208
570;Грудь;ст. Королев пр. Орловский д. 326 340572;17;187
571;Носок;г. Грозный алл. Бабушкина д. 75 стр. 3/3 648016;16;256
572;Печатать;с. Оленек ул. Некрасова д. 5/5 к. 5 499148;11;187
573;Манера;с. Андреаполь алл. Горная д. 8/7 к. 189 778023;11;176
574;Функция;ст. Соболево ш. Магистральное д. 459 158182;5;70
575;Мелочь;клх Томпа пр. Придорожный д. 5 стр. 5 429965;7;91
576;Добиться;п. Лазаревское алл. Тополиная д. 63 к. 5/6 663873;19;285
577;Сутки;г. Сунтар ш. Проточное д. 98 стр. 835 223657;12;192
578;Провинция;п. Одинцово алл. 9 Января д. 76 к. 2 687917;19;380
579;Перебивать;п. Таштагол пер. Партизанский д. 9 стр. 1/6 966157;13;208
580;Естественный;к. Северобайкальск наб. Нагорная д. 6 к. 2 765668;20;240
581;Что;клх Новый Оскол пер. Бажова д. 997 к. 219 019278;2;20
582;Господь;п. Жуковский алл. Воровского д. 9/6 стр. 8 323368;11;165
583;Бригада;к. Брянск ш. Павлика Морозова д. 1/4 к. 7/3 349282;6;114
584;Оборот;п. Саров (Морд.) наб. 50 лет Победы д. 96 стр. 9/3 558380;5;100
585;Правление;п. Новороссийск пр. Кленовый д. 1 779009;15;270
586;Дурацкий;клх Каспийск наб. Шахтерская д. 45 415683;3;33
587;Бегать;к. Енисейск ул. Громова д. 4/9 241127;11;176
588;Тусклый;с. Кировск (Ленин.) пер. Черемуховый д. 5 стр. 36 726341;10;160
589;Витрина;клх Юрюзань бул. Привокзальный д. 9 к. 3 719751;20;280
590;Промолчать;клх Тольятти пр. Металлургов д. 6 стр. 666 277277;20;220
591;Витрина;г. Октябрьский (Башк.) алл. Пионерская д. 509 к. 4 609757;2;24
592;Спорт;д. Тайшет ш. Майское д. 3 к. 3 759351;17;340
593;Деловой;п. Саратов пр. Дорожников д. 635 521834;3;39
594;Расстегнуть;с. Оленек бул. Горького д. 6/7 к. 4/9 769724;4;68
595;Самостоятельно;клх Кулунда ул. Курчатова д. 4 687513;3;42
596;Бригада;п. Эльбрус алл. 60 лет Октября д. 6/6 стр. 24 875296;4;52
597;Еврейский;клх Березники пер. Березовый д. 940 стр. 2 332022;20;360
598;Плясать;к. Дмитров ш. Гоголя д. 731 к. 2/4 100332;11;176
599;Число;с. Советский ш. Черемушки д. 5/1 754642;13;143
600;Оставить;к. Белогорск (Амур.) наб. Тимирязева д. 58 стр. 2/4 878017;14;280
601;Дальний;ст. Великие Луки алл. Матросова д. 535 стр. 959 427245;12;204
602;Инструкция;г. Бузулук бул. Красный д. 2 к. 254 073245;13;130
603;Наслаждение;к. Каменномостский ул. Дальняя д. 962 106992;17;306
604;Умирать;п. Краснотурьинск ул. Гвардейская д. 5/9 к. 720 843747;17;340
605;Выдержать;ст. Тамбей бул. Новостройка д. 3 706561;14;154
606;Пространство;ст. Воткинск алл. Титова д. 544 стр. 198 562119;3;42
607;Очко;клх Нефтегорск (Самар.) ул. Линейная д. 57 стр. 8/5 658349;10;180
608;Вперед;п. Оса пр. Блюхера д. 92 к. 8/6 634531;19;190
609;Правление;ст. Курумкан пер. Жуковского д. 4/9 стр. 4 747182;8;152
610;Заявление;д. Зарайск пер. Краснофлотский д. 852 401979;9;144
611;Какой;ст. Ростов-на-Дону пер. Смирнова д. 9 358129;11;110
612;Полюбить;с. Шадринск пер. Коммунистический д. 5/9 к. 3/2 645928;17;204
613;Крыса;к. Лянтор наб. Ермака д. 36 589401;20;300
614;Привлекать;д. Биробиджан алл. Полевая д. 3/1 083542;20;220
615;Налево;с. Йошкар-Ола наб. Фрунзе д. 2 стр. 34 548929;7;77
616;Виднеться;с. Верхоянск пр. 40 лет Победы д. 3/5 к. 5/5 407824;4;48
617;Возникновение;с. Камышлов бул. Ручейный д. 57 к. 8/7 683708;3;48
618;Умолять;с. Палана бул. Родниковый д. 95 к. 609 483781;3;45
619;Художественный;ст. Серафимович пр. Щорса д. 7/5 405679;8;104
620;Хотеть;п. Видное наб. Кленовая д. 3 стр. 6 972521;19;228
621;Спорт;г. Елабуга алл. Ворошилова д. 7/7 стр. 67 372658;6;66
622;Возмутиться;к. Апшеронск бул. Черемуховый д. 9/9 к. 9 439164;3;36
623;Холодно;с. Калач-на-Дону ш. Волкова д. 97 к. 4/6 953208;8;120
624;Следовательно;ст. Нефедова алл. Подгорная д. 83 стр. 6 603562;5;90
625;Бок;п. Октябрьское (Хант.) пер. Краснофлотский д. 5 стр. 8/4 306921;16;160
626;Плясать;г. Бреды бул. Тимирязева д. 138 стр. 787 148336;14;238
627;Изображать;п. Ирбит пер. Котовского д. 985 стр. 6/8 231649;20;340
628;Означать;д. Ершов алл. 60 лет Октября д. 266 к. 58 445476;14;140
629;Кидать;клх Ухта пр. Ушакова д. 4/3 стр. 648 630066;16;192
630;Вскакивать;г. Шаховская пр. Первомайский д. 851 781386;19;209
631;Пропасть;ст. Курск наб. Интернациональная д. 5/7 к. 7 273381;7;70
632;Оборот;к. Минеральные Воды ул. Восточная д. 352 к. 6/6 508585;13;260
633;Что;д. Нерчинск пер. Просвещения д. 4 840942;1;10
634;Полюбить;д. Абинск пр. ДОС д. 38 стр. 579 491386;8;136
635;Важный;клх Когалым пр. Суворова д. 77 к. 646 162308;13;208
636;Командующий;п. Лысьва пр. Первомайский д. 44 985115;14;252
637;Печатать;к. Верхнее Пенжино пер. Подгорный д. 2 стр. 5 196534;19;209
638;Рай;с. Уфа ул. Озерная д. 963 246830;8;88
639;Виднеться;ст. Кропоткин (Краснод.) пр. Свободы д. 80 941647;9;153
640;Возможно;п. Мокшан наб. Профсоюзная д. 47 стр. 8 374235;2;36
641;Монета;п. Южно-Курильск ул. Киевская д. 2 стр. 112 468026;18;360
642;Очутиться;клх Рославль алл. Минская д. 295 к. 4 208265;12;168
643;Процесс;к. Улан-Удэ алл. Широкая д. 3/3 747622;12;192
644;Собеседник;ст. Северобайкальск ш. Тюленина д. 6/4 к. 94 077443;20;300
645;Сынок;клх Кондопога ш. Депутатское д. 6/8 к. 8/2 866796;7;84
646;Тысяча;г. Радужный пр. Красина д. 7 119153;15;240
647;Покидать;д. Сухиничи бул. Горняцкий д. 7/2 к. 861 195610;14;182
648;Медицина;к. Псков ш. Попова д. 423 866322;2;34
649;Падать;г. Владикавказ пр. Партизанский д. 8 к. 136 586088;10;130
650;Чем;с. Баргузин пр. Песчаный д. 9/9 стр. 39 704220;16;176
651;Триста;п. Александров Гай алл. Виноградная д. 8/7 855539;16;288
652;Демократия;к. Новороссийка алл. Камская д. 98 485418;10;110
653;Слишком;д. Новомичуринск ш. Ватутина д. 58 к. 208 073472;1;13
654;Коллектив;ст. Ессентуки пер. Путейский д. 2 985875;1;10
655;Ягода;г. Геленджик пр. Краснопартизанский д. 4 к. 22 898979;2;32
656;Ныне;п. Самара ул. Морская д. 9 стр. 5 423599;18;306
657;Идея;д. Мурманск ул. Светлая д. 33 стр. 78 273397;5;70
658;Райком;ст. Саров (Морд.) наб. Набережная д. 3/1 к. 37 960851;3;60
659;Правильный;д. Баргузин алл. Победа д. 13 407587;18;180
660;Бабочка;клх Рязань ул. 8-е Марта д. 3/2 к. 43 529491;18;288
661;Мальчишка;с. Соликамск пр. Учительский д. 784 648648;17;289
662;Порода;п. Тулпан алл. Октябрьская д. 1/5 к. 30 888059;2;24
663;Миллиард;клх Нижний Новгород алл. Угольная д. 19 стр. 67 304455;11;132
664;Школьный;к. Тосно пр. Комсомольский д. 462 580456;16;240
665;Роскошный;ст. Томск ул. Брянская д. 3 стр. 9/4 946564;11;132
666;Крыса;с. Усть-Камчатск ул. Победы д. 9 к. 3/6 267266;4;56
667;Казнь;к. Дзержинск ул. Главная д. 8 к. 3 471583;1;18
668;Ведь;к. Тулпан ш. Смирнова д. 6 287336;19;190
669;Штаб;п. Верещагино (Перм.) бул. Российский д. 849 стр. 1 228581;9;117
670;Мрачно;с. Билибино наб. Озерная д. 488 стр. 9 890674;14;266
671;Постоянный;с. Салехард ш. Тукая д. 8 799362;18;306
672;Мелькнуть;ст. Саранск алл. Суворова д. 517 381195;4;64
673;Стакан;клх Октябрьский (Башк.) пер. Стадионный д. 44 стр. 8 578491;14;196
674;Намерение;д. Мирный пр. Нефтяников д. 1 к. 298 963778;15;300
675;Лететь;п. Муром алл. Геологов д. 7 стр. 74 207289;8;152
676;Сходить;с. Хабаровск ш. Стадионное д. 7 к. 78 322592;12;240
677;Миф;г. Уссурийск бул. Революционный д. 6 к. 8 373605;18;306
678;Тревога;д. Алапаевск пер. Малиновый д. 806 стр. 925 924199;4;64
679;Пастух;клх Владивосток наб. Щорса д. 523 стр. 628 125073;3;30
680;Выгнать;с. Салехард пр. Енисейский д. 2 к. 5/6 055017;15;195
681;Потом;п. Таштагол пер. Осенний д. 954 стр. 75 475765;19;209
682;Невыносимый;клх Арсеньев пер. Тукая д. 1/5 286255;14;196
683;Поздравлять;к. Кырен ул. Уральская д. 492 стр. 18 119432;7;119
684;Добиться;д. Жигулевск ул. Макарова д. 343 к. 6 292801;5;50
685;Находить;д. Улан-Удэ бул. Ватутина д. 9 862586;17;289
686;Совещание;п. Ярославль пр. Маяковского д. 8/3 150353;15;240
687;Разводить;клх Дудинка бул. Циолковского д. 30 стр. 4/4 995533;17;306
688;Подземный;д. Александров ул. Мая 1 д. 5 стр. 5/6 907569;18;252
689;Страсть;п. Выборг пр. Орджоникидзе д. 7/6 стр. 6 508897;7;133
690;Очутиться;клх Усмань алл. Окружная д. 4 087851;6;84
691;Зачем;г. Апшеронск ул. Воровского д. 10 стр. 5 136282;14;196
692;Приличный;с. Сусуман алл. Ключевая д. 1/7 к. 5 668678;6;84
693;Вариант;ст. Когалым пер. Краснодарский д. 60 стр. 55 308964;16;304
694;Засунуть;д. Ребриха ш. Панфилова д. 737 к. 2/7 930145;4;40
695;Посвятить;д. Пушкино (Моск.) ш. Лазо д. 6/6 к. 41 261139;20;320
696;Ночь;д. Серов алл. Осенняя д. 9/4 611535;15;195
697;Построить;д. Артем ул. Дальняя д. 28 к. 91 454725;10;170
698;Левый;ст. Стерлитамак бул. Индустриальный д. 11 стр. 42 970590;4;44
699;Привлекать;г. Юровск ул. Космодемьянской д. 286 стр. 48 402497;4;44
700;Спорт;ст. Красновишерск пр. Ручейный д. 10 337818;18;342
701;Разводить;к. Тында наб. Щербакова д. 723 стр. 1 761743;7;77
702;Дремать;клх Белореченск пр. К.Маркса д. 989 к. 80 219730;20;400
703;Поймать;д. Шуя ш. Космонавтов д. 31 стр. 623 408190;16;240
704;Стакан;к. Балашиха пер. Тукая д. 1 178224;3;51
705;Мелькнуть;с. Сковородино бул. Высоковольтный д. 99 812993;8;104
706;Отражение;д. Токма алл. Стадионная д. 80 к. 431 910589;5;65
707;Блин;г. Томск бул. Котовского д. 76 к. 97 192964;13;208
708;Дальний;п. Верхнее Пенжино ш. Звездное д. 8 стр. 460 303587;1;17
709;Жить;д. Солнечногорск бул. Авиационный д. 27 430809;1;18
710;Смеяться;с. Фатеж бул. Морозова д. 67 стр. 4/6 359925;6;66
711;Магазин;ст. Кондопога ул. Нефтяников д. 46 к. 685 081151;6;96
712;Назначить;п. Тосно пр. Калужский д. 7/9 стр. 7 874836;3;60
713;Кидать;д. Вуктыл ул. Брянская д. 288 к. 831 570749;3;48
714;Песня;с. Сорочинск ш. Новостройка д. 2 стр. 5/6 087154;7;126
715;Рот;п. Тымовское ш. Среднее д. 89 стр. 6/9 660197;8;104
716;Печатать;д. Нижнеудинск наб. Гончарова д. 12 669503;2;38
717;Идея;ст. Алагир пер. Свободный д. 1/6 к. 5/3 072552;18;180
718;Бабочка;д. Ханты-Мансийск ш. Фрунзе д. 77 к. 2 938620;13;156
719;Вскинуть;ст. Нязепетровск пр. Фабричный д. 702 910671;10;100
720;Юный;п. Яшкуль алл. Казачья д. 2 113301;12;144
721;Указанный;г. Снежногорск (Мурм.) бул. Грибоедова д. 15 стр. 9 528549;12;240
722;Изображать;с. Шерегеш бул. 50 лет Октября д. 28 665914;16;160
723;Выкинуть;к. Оренбург бул. Абрикосовый д. 5 стр. 81 655585;15;240
724;Ремень;д. Сухиничи ш. Толстого д. 220 519327;12;132
725;Витрина;д. Каменномостский пр. Астраханский д. 1/2 598002;14;168
726;Протягивать;с. Адлер пер. Ручейный д. 319 стр. 7/5 784309;12;180
727;Постоянный;клх Невьянск алл. Механизаторов д. 37 стр. 7/2 145430;2;36
728;Сравнение;г. Касимов наб. Строительная д. 1/8 549335;5;100
729;Бригада;с. Уфа алл. Свердлова д. 168 253157;12;132
730;Поговорить;ст. Белый Яр (Томск.) ул. Аэродромная д. 5/1 стр. 789 025001;5;80
731;Выражение;к. Красноуфимск ул. Монтажников д. 625 стр. 278 253393;17;255
732;Цвет;с. Анива пр. Льва Толстого д. 1/3 стр. 2 678189;18;288
733;Аж;с. Кущевская ш. Толстого д. 489 322331;12;204
734;Сынок;к. Анапа пр. Вахитова д. 30 к. 390 097969;12;192
735;Госпожа;ст. Сосногорск алл. Блюхера д. 75 к. 847 782084;2;24
736;Витрина;п. Шатки пр. Декабристов д. 19 к. 85 509257;1;14
737;Жить;к. Агинское (Забайк.) пр. К.Маркса д. 98 стр. 5 943920;6;72
738;Покинуть;с. Нижнеудинск пр. Кавказский д. 47 к. 8 451882;10;170
739;Бровь;клх Хасавюрт наб. Воронежская д. 4/2 стр. 1 083474;18;288
740;Металл;клх Воткинск пер. Смирнова д. 2 к. 7/6 680911;1;12
741;Вообще;к. Забайкальск алл. Березовая д. 7/3 стр. 2/2 231908;4;72
742;Упорно;к. Каменск-Шахтинский ш. Карьерное д. 1/2 стр. 1 227902;16;256
743;Тюрьма;п. Борзя пер. Промышленный д. 97 к. 2 025253;1;18
744;Боец;клх Карталы ул. Краснодарская д. 571 к. 6 666322;5;100
745;Коробка;ст. Токма алл. Щорса д. 5/2 213985;16;176
746;Место;д. Горячинск пр. Нагорный д. 73 254950;7;77
747;Изучить;д. Соль-Илецк бул. Народный д. 998 стр. 9/1 130182;15;285
748;Очутиться;с. Талдом алл. Заливная д. 7 116696;2;32
749;Спичка;д. Двинской пр. Угловой д. 8/3 к. 89 164896;2;36
750;Постоянный;клх Нижнеудинск ул. 9 Января д. 8/1 к. 5 951553;19;247
751;Упорно;д. Волгоград пер. Окружной д. 325 к. 3/1 340577;12;132
752;Разнообразный;п. Диксон ш. Минина д. 46 к. 607 443302;7;70
753;Пол;ст. Домбай пр. Ватутина д. 21 к. 88 391352;4;72
754;Выразить;ст. Ржев ул. Сельская д. 8 477712;8;136
755;Отметить;клх Пятигорск ш. Максима Горького д. 178 стр. 3 951478;19;361
756;Инфекция;г. Бийск пр. Ворошилова д. 30 к. 6/7 177714;13;130
757;Валюта;ст. Фатеж ул. Минская д. 515 к. 25 277534;4;76
758;Ломать;клх Волгодонск бул. Саратовский д. 94 стр. 498 244537;8;112
759;Успокоиться;клх Краснокамск пр. Титова д. 9/3 стр. 53 504208;12;180
760;Невозможно;д. Архыз бул. Горького д. 8/6 к. 8 737173;10;150
761;Жить;п. Соль-Илецк алл. Тюленина д. 9/6 стр. 387 769440;14;140
762;Руководитель;г. Луховицы ул. Ольховая д. 188 стр. 743 507101;16;256
763;Подземный;клх Канск ш. Гайдара д. 33 343505;18;234
764;Дальний;с. Курск пер. Чайковского д. 9/4 стр. 5 575626;8;96
765;Рот;ст. Усть-Кут наб. Физкультурная д. 59 028545;19;266
766;Применяться;ст. Ковров наб. Тургенева д. 984 к. 907 722713;9;180
767;Жестокий;к. Кисловодск алл. Ключевая д. 31 к. 8 551368;3;60
768;Соответствие;п. Кижи ул. Калужская д. 41 821973;20;360
769;Дурацкий;д. Череповец ш. Кирова д. 1/2 стр. 7 184736;1;10
770;Засунуть;ст. Губаха ш. Гафури д. 20 стр. 1 114011;12;228
771;Задержать;к. Люберцы бул. Крестьянский д. 5/8 к. 472 567516;1;16
772;Равнодушный;с. Мценск наб. Белинского д. 2 стр. 1/9 422709;5;100
773;Грустный;к. Клин бул. Советский д. 1 959469;5;100
774;Миллиард;ст. Каргополь наб. Дружбы д. 54 792265;14;238
775;Пропадать;д. Оха пер. Парковый д. 9 к. 8/2 163333;5;70
776;Тысяча;г. Листвянка (Иркут.) наб. Л.Толстого д. 938 к. 4/5 913714;16;320
777;Механический;клх Андреаполь ш. Хуторское д. 5/7 143256;5;75
778;Поезд;к. Елец ул. Тупиковая д. 6 493096;15;240
779;Сопровождаться;с. Воронеж алл. Уральская д. 1 417587;6;90
780;Монета;п. Дербент ул. Восьмого Марта д. 85 стр. 2/8 480779;8;160
781;Правление;г. Старый Оскол ш. Седова д. 9/1 к. 16 650337;10;190
782;Один;с. Билибино пер. Радищева д. 965 056376;12;132
783;Медицина;п. Псебай наб. Парковая д. 534 к. 966 385834;13;156
784;Серьезный;д. Лодейное Поле алл. Депутатская д. 8 041603;9;99
785;Голубчик;п. Корсаков пр. Иванова д. 8 071590;11;121
786;Намерение;г. Волоколамск ул. 8 Марта д. 803 стр. 8 600820;6;96
787;Пространство;г. Амдерма ул. Чехова д. 15 098392;16;176
788;Коммунизм;п. Старая Русса ул. Мусы Джалиля д. 4 стр. 716 384014;3;36
789;Пропадать;д. Петрозаводск бул. Ангарский д. 8 к. 45 960996;19;247
790;Неожиданно;п. Нижний Новгород ш. Базарное д. 6/6 к. 96 862708;7;126
791;Умирать;ст. Ногинск (Моск.) ул. Морская д. 34 409229;19;323
792;Госпожа;г. Ряжск ш. Глинки д. 3 к. 7 607862;9;90
793;Механический;д. Камень-на-Оби пер. Приморский д. 6/3 к. 4/2 799829;11;176
794;Приятель;г. Усмань бул. Энергетический д. 975 184076;1;11
795;Миллиард;клх Чулым бул. Высотный д. 930 стр. 79 345754;3;33
796;Смертельный;д. Хоста пр. Олимпийский д. 988 к. 2/1 247530;10;150
797;Смелый;с. Малоярославец пер. Боровой д. 30 508657;3;42
798;Оставить;г. Клин алл. Черноморская д. 6/5 855926;2;38
799;Другой;клх Биробиджан алл. Выгонная д. 98 стр. 6/4 825930;19;266
800;Научить;п. Кажим пр. Базарный д. 5 к. 79 385568;9;108
801;Совет;ст. Морозовск ул. Пролетарская д. 31 035667;16;224
802;Темнеть;п. Тайшет наб. Попова д. 292 стр. 1 879810;5;90
803;Космос;с. Усть-Кут алл. 60 лет Октября д. 4/9 стр. 248 197927;9;153
804;Научить;п. Комсомольск-на-Амуре пр. Владимирский д. 55 313644;8;104
805;Славный;с. Владикавказ алл. Новостройка д. 32 стр. 1 283861;4;60
806;Господь;к. Двинской ул. Тупиковая д. 274 стр. 85 373567;1;20
807;Зарплата;клх Холмогоры ш. Терешковой д. 9/5 568214;16;192
808;Эпоха;с. Лабытнанги ш. Ольховое д. 77 к. 88 020460;13;260
809;Инфекция;п. Александров Гай пр. Народный д. 65 к. 59 990957;7;126
810;Висеть;г. Сергиев Посад наб. Высокая д. 3 стр. 2/9 519377;7;119
811;Возможно;клх Арзамас ш. Линейное д. 8/6 стр. 881 918506;5;75
812;Полевой;с. Ступино пр. Морской д. 5/6 к. 354 977808;6;84
813;Посидеть;клх Шелагонцы ул. Тульская д. 1 стр. 4/7 822722;3;60
814;Недостаток;г. Славгород ул. Вокзальная д. 6 стр. 1 932242;1;10
815;Цель;с. Невинномысск пр. Челюскинцев д. 175 стр. 72 338838;18;306
816;Спорт;с. Подольск наб. Кубанская д. 8 к. 43 288895;7;84
817;Пропаганда;к. Усть-Илимск алл. Дружба д. 7 824169;6;72
818;Материя;д. Котлас пер. Минский д. 443 стр. 3/5 344228;19;323
819;Разуметься;к. Данков пер. 8 Марта д. 5 380143;7;119
820;Пробовать;клх Лодейное Поле бул. Профсоюзный д. 9 028658;4;64
821;Опасность;д. Владимир наб. Ильича д. 30 стр. 21 865831;20;360
822;Механический;с. Фатеж ул. Моховая д. 7 969505;17;221
823;Слишком;клх Усть-Камчатск ш. Карбышева д. 7 к. 26 911219;11;121
824;Крыса;п. Сосногорск ш. Приозерное д. 18 стр. 82 242912;20;220
825;Заведение;к. Поронайск пер. Студенческий д. 3/4 к. 10 969745;20;300
826;Возбуждение;клх Поронайск бул. Кузнечный д. 7 стр. 8/1 312556;5;70
827;Дальний;к. Томск ул. Просторная д. 7/8 стр. 6 302405;7;105
828;Уничтожение;с. Шаховская бул. Горького д. 4 к. 3/8 902959;16;320
829;Правление;д. Томпа ул. Камская д. 8 810018;14;196
830;Процесс;клх Качканар наб. Заречная д. 98 275764;11;154
831;Бок;с. Хоста ш. Нахимова д. 6/4 180470;13;182
832;Роса;к. Волгоград наб. Каштановая д. 552 стр. 109 974446;12;132
833;Рай;г. Надым бул. Стахановский д. 55 013354;11;154
834;Ныне;д. Яр-Сале бул. Репина д. 606 к. 8 468089;11;110
835;Скрытый;д. Тарко-Сале пр. Олега Кошевого д. 84 к. 63 410090;18;180
836;Парень;д. Великие Луки пер. Озерный д. 69 478921;14;168
837;Стакан;д. Дзержинск бул. 8-е Марта д. 281 596491;12;240
838;Кузнец;клх Каргополь пр. Монтажников д. 7/7 399575;12;144
839;Ручей;с. Гаврилов-Ям бул. Комарова д. 422 к. 709 144393;5;85
840;Проход;п. Железногорск(Курск.) ул. 50 лет ВЛКСМ д. 60 675359;6;108
841;Функция;к. Воткинск ш. Войкова д. 6/7 446644;2;34
842;Очутиться;ст. Калязин ш. Демьяна Бедного д. 7 к. 236 564332;8;104
843;Указанный;с. Воскресенск алл. Коммуны д. 22 к. 768 410811;18;180
844;Функция;клх Поронайск пр. Большевистский д. 14 стр. 36 304756;8;112
845;Что;к. Лысьва пр. Высотный д. 11 стр. 220 899142;14;196
846;Низкий;г. Кудымкар бул. Орджоникидзе д. 628 355354;17;204
847;Остановить;г. Мокшан пр. Сплавный д. 8 стр. 1/4 445959;7;105
848;Разводить;с. Магнитогорск ул. Интернациональная д. 6 стр. 2/7 682005;11;220
849;Тревога;д. Бирск наб. Дружба д. 1 860853;17;238
850;Аллея;п. Неплюевка бул. Микрорайон д. 5 к. 42 851170;19;323
851;Сынок;д. Дмитров пер. Сельский д. 3 306074;16;192
852;Товар;г. Кудымкар наб. Победа д. 33 стр. 1/3 644671;7;70
853;Отражение;клх Губкинский бул. Овражный д. 42 стр. 709 325315;4;48
854;Мучительно;с. Тихвин ш. Крымское д. 52 553952;4;72
855;Роскошный;п. Магнитогорск пр. Тихий д. 93 898818;14;154
856;Перебивать;п. Черняховск бул. Машиностроителей д. 71 к. 162 480614;17;340
857;Способ;г. Смирных ул. Высоковольтная д. 372 к. 879 278128;14;140
858;Промолчать;с. Объячево ш. Урицкого д. 930 073290;4;72
859;Плод;ст. Ялуторовск ш. Марта 8 д. 6 к. 36 624788;11;176
860;Аллея;клх Волгодонск алл. Чайкиной д. 9 к. 6/8 820215;6;84
861;Спасть;к. Усмань пер. Лазурный д. 52 к. 8/7 108518;12;144
862;Правление;с. Ессентуки бул. Ключевой д. 347 стр. 1/7 498257;5;55
863;Бровь;г. Можга пр. Культуры д. 5/4 к. 29 449312;15;240
864;Изменение;д. Городовиковск бул. Гафури д. 5 608427;18;288
865;Подземный;д. Кудымкар пр. Пионерский д. 124 стр. 9 683206;2;20
866;Место;п. Тикси бул. Окружной д. 2 стр. 7 636061;5;70
867;Банк;г. Шенкурск бул. Союзный д. 61 319026;10;140
868;Князь;д. Славгород пр. Автомобилистов д. 849 к. 1 644416;20;320
869;Пропадать;клх Сеймчан бул. Таманский д. 3/3 к. 879 347542;13;221
870;Перебивать;д. Лагань пр. Кузнецкий д. 6/2 стр. 76 412367;12;204
871;Заведение;с. Арзамас ул. Тамбовская д. 993 022202;1;20
872;Ломать;с. Шуя ул. 9 Января д. 14 к. 2/5 575663;15;150
873;Задержать;ст. Можга ш. Степана Разина д. 9/8 148853;3;51
874;Художественный;к. Нарым бул. Демьяна Бедного д. 6 398229;20;260
875;Устройство;к. Новороссийка ш. Пожарского д. 81 к. 8 915460;3;39
876;Спасть;ст. Губкин бул. Морской д. 9/8 стр. 4 277527;17;204
877;Вскакивать;д. Тотьма ш. Урицкого д. 2 к. 7 176473;15;225
878;Затянуться;клх Южноуральск пер. Краснофлотский д. 5 729277;4;44
879;Житель;г. Яхрома наб. Заводская д. 2/5 583050;1;20
880;Выдержать;п. Кимры бул. Тимирязева д. 328 838468;5;55
881;Строительство;д. Ясный (Оренб.) алл. Кольцова д. 1 к. 61 802142;3;54
882;Карман;с. Лабытнанги бул. Труда д. 4/7 к. 6/7 185053;8;128
883;Упор;с. Голицыно алл. Тюленина д. 356 к. 17 771861;16;176
884;Равнодушный;ст. Каменск-Уральский пр. Северный д. 967 к. 4/4 896756;6;114
885;Заложить;ст. Ачинск пер. 50 лет Октября д. 7/7 098434;18;198
886;Армейский;к. Неплюевка пер. Щербакова д. 55 стр. 614 301658;20;340
887;Виднеться;к. Сарапул ул. Демьяна Бедного д. 534 796426;9;180
888;Мусор;г. Котлас пр. Ивановский д. 1/9 стр. 3 759815;2;22
889;Металл;клх Стерлитамак ш. Р.Люксембург д. 865 к. 2/8 053833;18;234
890;Совещание;к. Тайшет пер. Щорса д. 3 652555;19;209
891;Тусклый;г. Сузун пер. ДОС д. 2 061795;3;48
892;Карандаш;ст. Калининград бул. Дорожный д. 92 152539;2;22
893;Казнь;клх Лазаревское бул. 50 лет ВЛКСМ д. 81 к. 78 858050;20;280
894;Грудь;д. Камышин бул. Хуторской д. 2/1 стр. 920 592651;10;130
895;Расстегнуть;ст. Шали пр. Школьный д. 770 к. 9 578623;8;88
896;Выдержать;клх Шерегеш ул. Сосновая д. 6/7 182194;18;324
897;Сынок;клх Тулпан наб. Щетинкина д. 34 842705;6;96
898;Применяться;г. Каменномостский ш. Новосельское д. 5 399473;15;285
899;Терапия;с. Назрань алл. Кедровая д. 7/6 545781;12;228
900;Бабочка;д. Кизилюрт алл. Тургенева д. 98 к. 733 672624;4;52
901;Мотоцикл;ст. Тосно алл. Волжская д. 97 к. 3 737978;1;19
902;Сравнение;г. Курган бул. Ставропольский д. 1 063662;15;285
903;Процесс;к. Чебоксары ул. Энтузиастов д. 9/3 449537;20;200
904;Актриса;п. Александров Гай бул. Подстанция д. 4/3 к. 47 051734;11;110
905;Граница;ст. Уссурийск пр. Шолохова д. 348 к. 6 104433;4;68
906;Демократия;с. Новосибирск алл. Садовая д. 50 654378;10;110
907;Иной;п. Неплюевка ш. Дружба д. 244 к. 82 677757;7;105
908;Помолчать;п. Горячинск пр. Гагарина д. 1/5 356888;19;304
909;Конструкция;г. Бугульма наб. Воронежская д. 27 456740;20;220
910;Совет;к. Серебряные Пруды бул. Первомайский д. 60 стр. 879 398911;8;88
911;Ломать;п. Елабуга ул. Новоселов д. 3/7 стр. 73 286434;10;100
912;Дорогой;г. Магас бул. Докучаева д. 766 стр. 16 468636;11;143
913;Умирать;клх Калевала пр. Крайний д. 13 стр. 435 041230;13;260
914;Сынок;к. Губаха бул. Советов д. 77 к. 164 038315;3;42
915;Валюта;с. Тосно наб. Морозова д. 431 227258;11;220
916;Помолчать;д. Серов ш. Огородное д. 73 стр. 9 412471;4;52
917;Вскакивать;г. Усть-Илимск ул. Ручейная д. 92 к. 192 808406;7;126
918;Тяжелый;п. Соловки бул. Кольцевой д. 1/6 к. 7 719452;14;196
919;Поймать;г. Псебай пр. Радищева д. 5 210367;14;168
920;Слать;п. Амдерма наб. Садовая д. 2/1 к. 951 708420;1;14
921;Материя;ст. Воронеж ул. Ленинградская д. 6 893688;5;60
922;Июнь;п. Тамбей бул. Степной д. 502 434582;7;133
923;Засунуть;ст. Междуреченский ул. Димитрова д. 377 к. 3 446148;3;45
924;Нервно;г. Камышлов алл. Приозерная д. 1/6 стр. 6 792929;19;361
925;Военный;д. Кондопога пер. Шоссейный д. 6/7 стр. 4/1 337077;16;192
926;Советовать;д. Серебряные Пруды алл. Димитрова д. 6/4 стр. 467 688510;1;14
927;Угол;с. Зеленоград ш. Рязанское д. 893 797630;7;126
928;Прежний;п. Владивосток ш. Чайкиной д. 7/8 039591;18;234
929;Прелесть;клх Курган наб. Депутатская д. 58 стр. 58 946209;19;361
930;Ягода;г. Алексин ш. Шолохова д. 2/8 к. 326 661703;13;195
931;Строительство;к. Красногорск (Моск.) пр. Трактовый д. 3 к. 6/1 795607;17;187
932;Юный;д. Оленек ш. Кузнечное д. 2/7 638029;11;176
933;Естественный;с. Петропавловск-Камчатский пер. Тульский д. 61 271477;7;119
934;Вскинуть;г. Вилюйск ш. Гайдара д. 7 к. 6 650550;1;18
935;Потрясти;г. Курчатов алл. Маркса Карла д. 5/2 к. 9/8 600455;10;100
936;Приятель;д. Ялуторовск алл. Степная д. 9/6 к. 25 095803;3;48
937;Голубчик;п. Орел пер. Маркса Карла д. 95 к. 4 647462;10;110
938;Указанный;с. Саратов ш. Воронежское д. 196 376104;20;300
939;Наткнуться;ст. Шатки алл. Братская д. 1/5 199715;4;64
940;Художественный;к. Каменск-Уральский ул. Ясная д. 678 к. 493 747952;10;100
941;Медицина;с. Двинской бул. Иванова д. 56 стр. 5/6 978314;5;100
942;Трубка;ст. Усть-Калманка бул. Щетинкина д. 45 стр. 1/6 801982;8;112
943;Место;к. Ивдель бул. Пионерский д. 6/6 к. 3/2 622898;14;210
944;Деньги;ст. Белокуриха наб. Комарова д. 43 стр. 433 582215;9;162
945;Идея;с. Углич ул. Загородная д. 7/8 стр. 323 997926;19;304
946;Счастье;п. Белоярский пр. Кирова д. 7 203336;15;150
947;Угроза;п. Кырен пр. Ленинградский д. 9/1 197375;10;200
948;Следовательно;с. Губаха алл. Депутатская д. 2 567650;13;208
949;Назначить;ст. Билибино ш. Пушкинское д. 34 к. 7/8 873192;8;88
950;Кольцо;с. Каменск-Уральский ул. Абрикосовая д. 7/8 стр. 7/8 377134;4;44
951;Карман;п. Оймякон пр. Рабочий д. 158 к. 5 970696;14;252
952;Аллея;ст. Беслан ш. Шахтерское д. 5/1 стр. 1 752122;20;220
953;Дошлый;ст. Калач-на-Дону ш. Медицинское д. 9 стр. 2/3 478460;16;192
954;Кольцо;к. Теберда ш. Черняховского д. 7/4 690746;15;270
955;Угроза;г. Валдай ш. Чайкиной д. 6/2 стр. 751 478532;10;110
956;Функция;к. Глазов ул. Космонавтов д. 3 стр. 608 533655;2;26
957;Встать;ст. Объячево алл. Песочная д. 6 к. 82 433838;5;90
958;Вывести;ст. Тарко-Сале алл. 1 Мая д. 78 632389;1;18
959;Передо;клх Партизанск пер. Сахалинский д. 9/6 052829;13;169
960;Лететь;с. Ставрополь алл. Техническая д. 910 стр. 1 584781;18;270
961;Более;клх Шерегеш пер. Нагорный д. 267 к. 9 681310;20;400
962;Жидкий;с. Зеленогорск (Ленин.) ул. Сурикова д. 7/3 к. 7 778734;15;285
963;Секунда;с. Лазаревское пер. Трактовый д. 8 к. 9 898846;18;180
964;Основание;к. Новочеркасск ул. Фадеева д. 911 184349;17;204
965;Дьявол;ст. Печенга пер. Сосновый д. 90 016261;13;208
966;Миг;с. Грозный ш. Веселое д. 6 стр. 38 734582;7;119
967;Поймать;клх Красноселькуп пер. Большой д. 70 к. 656 109022;3;39
968;Пространство;клх Далматово наб. Ленинградская д. 468 к. 8/6 606476;2;38
969;Посвятить;с. Ульяновск наб. Средняя д. 1/5 стр. 1 876858;11;154
970;Торопливый;г. Кызыл алл. Чайковского д. 6/1 к. 5/6 905076;4;40
971;Ботинок;д. Урюпинск пер. Мельничный д. 605 638988;12;192
972;Дошлый;д. Йошкар-Ола пр. Тургенева д. 751 386990;19;285
973;Ложиться;д. Ангарск пр. Тимирязева д. 8/6 221560;11;176
974;Мгновение;клх Магас ул. Семашко д. 3/6 к. 2/8 913163;6;108
975;Носок;г. Серафимович бул. Титова д. 40 к. 15 695611;18;198
976;Какой;с. Челябинск ул. Высокая д. 456 к. 8/5 154068;16;256
977;Наступать;к. Катав-Ивановск пр. Фурманова д. 6 593407;15;285
978;Теория;п. Ставрополь пер. Луначарского д. 9/5 стр. 9/4 469427;2;20
979;Аллея;п. Сосьва (Хант.) пр. Свободы д. 24 к. 7 340105;7;77
980;Расстройство;п. Руза ул. Цветочная д. 119 544497;5;90
981;Достоинство;с. Надым пер. Бригадный д. 14 к. 7/8 860473;11;154
982;Важный;ст. Верхотурье пер. Шоссейный д. 359 стр. 84 336686;20;340
983;Смелый;к. Дубна пер. Садовый д. 9 стр. 189 025042;7;140
984;Блин;д. Чайковский ул. Высокая д. 181 831895;9;108
985;Магазин;клх Бузулук ул. Городская д. 7 к. 185 380563;8;160
986;Слишком;клх Соль-Илецк пр. Нагорный д. 504 стр. 174 975636;4;64
987;Научить;к. Слюдянка бул. Грибоедова д. 8 к. 98 901707;2;22
988;Потом;п. Хужир бул. Харьковский д. 4/2 654332;16;256
989;Уточнить;г. Быково (метеост.) бул. Олега Кошевого д. 819 к. 877 592893;14;238
990;Возбуждение;к. Оренбург бул. Кооперативный д. 305 382990;16;304
991;Космос;с. Хасан пр. Тургенева д. 87 026231;7;98
992;Столетие;ст. Аша ш. Тельмана д. 2 530756;2;36
993;Экзамен;с. Камень-на-Оби алл. Механическая д. 6 к. 6/8 558847;2;20
994;Дыхание;д. Чайковский пер. Шевченко д. 5 226503;9;126
995;Порт;д. Кемерово алл. Сплавная д. 5/5 349375;13;221
996;Заложить;п. Кандалакша пер. Киевский д. 15 стр. 38 959558;10;150
997;Пятеро;г. Магнитогорск пр. Челюскинцев д. 6/1 к. 498 796715;9;153
998;Витрина;д. Усть-Катав наб. Белорусская д. 692 937949;1;14
999;Передо;с. Троицк (Моск.) бул. Заводской д. 487 к. 7 405679;1;15
1000;Холодно;к. Бомнак пр. Тюленина д. 827 407759;8;152
