id;name;specialization;number_of_employees;profit;id_sc
1;Растеряться;Мужское белье;6881;7454036;715
2;Природа;Женская одежда;6617;9562176;83
3;Построить;Демисезонная одежда;2754;9896999;418
4;Кпсс;Спортивная одежда;4968;2615232;922
5;Хотеть;Детския одежда;4406;4407856;972
6;Серьезный;Спортивная одежда;8319;7023526;456
7;Ребятишки;Демисезонная одежда;4218;2057058;140
8;Встать;Летняя одежда;6561;1705182;836
9;Еврейский;Мужское белье;9980;3584734;288
10;Прежде;Детския одежда;6772;6861813;660
11;Адвокат;Летняя одежда;7783;1363221;33
12;Адвокат;Демисезонная одежда;1248;4216541;285
13;Табак;Демисезонная одежда;760;1104140;290
14;Освободить;Летняя одежда;844;9127513;465
15;Господь;Зимняя одежда;8232;5198665;828
16;Соответствие;Демисезонная одежда;8243;962222;261
17;Потянуться;Зимняя одежда;4183;3955545;266
18;Применяться;Женское белье;4028;4002224;410
19;Пища;Мужская одежда;2745;9291472;219
20;Песня;Детския одежда;7935;9555874;245
21;Жить;Мужское белье;7296;6745610;231
22;Банда;Летняя одежда;3911;4874463;403
23;Некоторый;Зимняя одежда;6965;6384590;802
24;Механический;Зимняя одежда;6823;4084845;154
25;Вывести;Женское белье;1982;1066796;957
26;Возможно;Летняя одежда;5003;8667915;202
27;Жить;Мужская одежда;3700;7568211;933
28;Художественный;Спортивная одежда;2770;9844446;766
29;Житель;Женская одежда;3019;3206820;900
30;Около;Детския одежда;2437;4489528;499
31;При;Демисезонная одежда;4392;8590596;32
32;Перебивать;Зимняя одежда;602;1015197;709
33;Спорт;Зимняя одежда;446;1401678;108
34;Угроза;Мужская одежда;6504;602242;431
35;Нажать;Женское белье;133;5071405;972
36;Сопровождаться;Женское белье;2879;7277409;189
37;Палата;Женская одежда;5484;1668853;822
38;Спорт;Женское белье;1055;5114963;480
39;Плод;Зимняя одежда;900;5029329;913
40;Слишком;Летняя одежда;3327;3906862;394
41;Валюта;Детския одежда;1422;2922047;173
42;Спичка;Демисезонная одежда;455;6958543;115
43;Терапия;Зимняя одежда;9259;5323942;229
44;Изредка;Женское белье;5177;203172;978
45;Изменение;Зимняя одежда;6956;3346177;29
46;Процесс;Спортивная одежда;3514;9714131;85
47;Салон;Мужская одежда;1957;7880649;770
48;Покинуть;Демисезонная одежда;4292;7811653;188
49;Функция;Мужское белье;8485;7583529;719
50;Советовать;Детския одежда;6219;6253106;613
51;Поговорить;Демисезонная одежда;3042;2742447;652
52;Валюта;Летняя одежда;905;4656907;181
53;Необычный;Демисезонная одежда;6632;6526615;484
54;Адвокат;Демисезонная одежда;3888;190832;872
55;Руководитель;Зимняя одежда;1184;9186055;894
56;Витрина;Женская одежда;8991;7693460;105
57;Парень;Женская одежда;529;7166881;608
58;О;Зимняя одежда;3536;3921416;63
59;Ложиться;Детския одежда;4289;3779362;299
60;Горький;Женская одежда;5415;3171849;802
61;Счастье;Женское белье;4813;3883999;180
62;Госпожа;Демисезонная одежда;1569;9940438;295
63;Домашний;Зимняя одежда;8103;8361370;557
64;Командование;Демисезонная одежда;3309;5534732;368
65;Набор;Детския одежда;2292;3363487;837
66;Спасть;Женская одежда;7162;8481171;64
67;Поставить;Женская одежда;7029;917676;898
68;Мелькнуть;Зимняя одежда;6437;8876844;665
69;Мотоцикл;Мужская одежда;8856;779938;414
70;Терапия;Спортивная одежда;7462;3943472;269
71;Миг;Детския одежда;2763;292989;215
72;Нож;Демисезонная одежда;4693;8804224;228
73;Демократия;Демисезонная одежда;2592;6251838;281
74;Тюрьма;Женское белье;1000;3154658;573
75;Плясать;Мужская одежда;199;3160665;387
76;Бабочка;Мужская одежда;2050;1121574;872
77;Ход;Летняя одежда;7741;8991797;283
78;Желание;Демисезонная одежда;390;5961443;524
79;Запустить;Демисезонная одежда;8399;9493753;919
80;Четко;Мужское белье;9607;6133798;845
81;Вперед;Демисезонная одежда;3210;997767;741
82;Серьезный;Летняя одежда;1979;7753412;968
83;Рис;Женская одежда;1640;6128639;341
84;Дружно;Мужская одежда;9595;1668418;325
85;Зато;Зимняя одежда;1348;5079574;796
86;Вообще;Демисезонная одежда;2705;1842532;959
87;Мучительно;Демисезонная одежда;7781;7375962;332
88;Выраженный;Летняя одежда;4261;7108111;4
89;Мальчишка;Детския одежда;3851;999936;83
90;Оставить;Женское белье;4785;8619964;175
91;Возбуждение;Демисезонная одежда;7200;520613;514
92;Скрытый;Мужское белье;4329;4162569;46
93;Солнце;Женское белье;337;6024870;27
94;Инвалид;Детския одежда;2746;576903;605
95;Протягивать;Летняя одежда;9276;2557797;201
96;Актриса;Зимняя одежда;1608;9087686;866
97;Правление;Демисезонная одежда;7959;8015385;418
98;Нож;Летняя одежда;5967;4370915;798
99;Естественный;Женская одежда;775;1114221;613
100;Кузнец;Женское белье;6371;8239942;883
101;Правление;Детския одежда;1050;5782926;954
102;Левый;Женское белье;1548;4894011;268
103;Трубка;Демисезонная одежда;1292;3345744;498
104;Успокоиться;Летняя одежда;5559;3482459;222
105;Ребятишки;Демисезонная одежда;7315;36937;920
106;Смертельный;Зимняя одежда;8288;6530732;918
107;Вчера;Демисезонная одежда;4075;4056572;202
108;Возможно;Летняя одежда;5434;9499945;328
109;Ремень;Летняя одежда;941;7788189;427
110;Инструкция;Демисезонная одежда;4495;4483096;690
111;Сомнительный;Женская одежда;1168;9105761;536
112;Мимо;Спортивная одежда;9725;6175730;822
113;Смертельный;Мужское белье;6238;9411138;237
114;Прежний;Детския одежда;6730;3104670;427
115;Коммунизм;Женская одежда;4563;3363504;536
116;Штаб;Демисезонная одежда;2172;4238930;642
117;Видимо;Мужская одежда;7547;516926;520
118;Ребятишки;Зимняя одежда;6270;4212042;433
119;Вздрогнуть;Детския одежда;1676;6852267;120
120;Одиннадцать;Мужское белье;3869;4823703;814
121;Трясти;Женская одежда;6852;2470245;829
122;Находить;Женское белье;5897;7047753;799
123;Покинуть;Спортивная одежда;6512;7063925;180
124;Место;Демисезонная одежда;8804;6158747;765
125;Набор;Женская одежда;7551;3755306;120
126;Цепочка;Зимняя одежда;5342;7084115;797
127;Возникновение;Мужская одежда;3284;2454850;99
128;Фонарик;Детския одежда;1614;1520279;757
129;Цвет;Спортивная одежда;8044;914489;335
130;Уронить;Детския одежда;4414;8262729;978
131;Гулять;Женское белье;2830;8391287;2
132;Умирать;Зимняя одежда;8063;7363521;355
133;Заявление;Летняя одежда;2532;3225223;462
134;Хотеть;Демисезонная одежда;394;4630561;136
135;Зима;Летняя одежда;3785;7300574;620
136;Посвятить;Летняя одежда;8780;6069422;778
137;Призыв;Женское белье;7295;1133934;579
138;Помолчать;Мужская одежда;4714;9510264;650
139;Достоинство;Женская одежда;2523;1597535;857
140;Механический;Демисезонная одежда;8575;7786690;14
141;Изображать;Детския одежда;7254;226898;641
142;Эффект;Женское белье;2971;6048141;217
143;Цвет;Женская одежда;2247;9824473;67
144;Возмутиться;Женское белье;848;8823324;17
145;Ход;Мужское белье;5788;3484875;149
146;Процесс;Детския одежда;3882;8749415;477
147;Неожиданно;Летняя одежда;7472;8645488;748
148;Пища;Демисезонная одежда;6733;6067244;690
149;Снимать;Мужская одежда;2136;7579753;952
150;Приятель;Зимняя одежда;8583;7771892;19
151;Сбросить;Зимняя одежда;9025;7536776;834
152;Крутой;Демисезонная одежда;2372;5946372;821
153;Рота;Демисезонная одежда;1974;4496205;751
154;Ставить;Демисезонная одежда;314;1842261;48
155;Тута;Мужская одежда;3924;7685316;78
156;Мучительно;Демисезонная одежда;2224;7308418;428
157;Редактор;Спортивная одежда;8702;802802;369
158;Вариант;Женская одежда;7243;42083;173
159;Отражение;Мужское белье;6912;8013150;44
160;Носок;Мужская одежда;7844;5162442;250
161;Парень;Летняя одежда;6727;5496063;607
162;Спешить;Детския одежда;9793;5936820;652
163;Возникновение;Летняя одежда;9900;8218941;802
164;Лапа;Женское белье;5634;85946;930
165;Спорт;Детския одежда;5388;3645541;872
166;Счастье;Женская одежда;9551;7186450;446
167;Оставить;Демисезонная одежда;5783;2543400;209
168;Ручей;Демисезонная одежда;2164;4548088;987
169;Дружно;Детския одежда;8093;5312956;700
170;Аж;Летняя одежда;4439;977670;997
171;Дошлый;Женское белье;1904;4557147;727
172;Следовательно;Летняя одежда;5806;2012126;544
173;Монета;Летняя одежда;3758;5107346;665
174;Вперед;Зимняя одежда;3024;2775932;959
175;Иной;Демисезонная одежда;6123;5309574;879
176;Пробовать;Зимняя одежда;1798;527533;620
177;Прелесть;Летняя одежда;8145;3298213;947
178;Спешить;Женская одежда;4827;7520741;501
179;Сбросить;Спортивная одежда;3866;8845313;412
180;Равнодушный;Демисезонная одежда;3751;1099779;355
181;Зарплата;Женская одежда;8635;6486958;669
182;Изучить;Летняя одежда;3288;6508891;288
183;Обида;Спортивная одежда;229;1166652;475
184;Скрытый;Демисезонная одежда;3523;642722;613
185;Правление;Демисезонная одежда;3099;6975971;940
186;Еврейский;Зимняя одежда;2702;4890380;290
187;Соответствие;Демисезонная одежда;2346;6654830;866
188;Деловой;Летняя одежда;8745;5299544;179
189;Настать;Детския одежда;3588;6694951;343
190;Выражаться;Зимняя одежда;1478;8326492;64
191;Табак;Женская одежда;1803;2707942;738
192;Растеряться;Спортивная одежда;2968;7288102;229
193;Возможно;Летняя одежда;8906;5846192;57
194;Командование;Демисезонная одежда;9858;2145398;674
195;Левый;Детския одежда;4140;3680295;763
196;Второй;Женская одежда;6903;6009867;388
197;Исследование;Мужское белье;1778;2693461;556
198;Вообще;Детския одежда;8209;469509;986
199;Карман;Женское белье;7594;9571658;193
200;Конструкция;Детския одежда;9303;4651367;652
201;Торговля;Детския одежда;4761;1005293;199
202;Упор;Спортивная одежда;1344;1529056;414
203;Сходить;Зимняя одежда;8547;4420942;638
204;Оборот;Демисезонная одежда;5507;4981981;68
205;Изменение;Демисезонная одежда;3955;5247022;301
206;Возникновение;Летняя одежда;9829;4679354;457
207;Порядок;Детския одежда;1241;3227329;103
208;Отдел;Демисезонная одежда;287;4751648;472
209;Угол;Спортивная одежда;4892;8724344;169
210;Райком;Мужская одежда;2469;6492623;981
211;Провал;Мужская одежда;8944;5533681;627
212;Упор;Зимняя одежда;161;8694668;251
213;Разуметься;Спортивная одежда;7436;717367;313
214;Казнь;Демисезонная одежда;909;226670;541
215;Полевой;Летняя одежда;2652;8491512;838
216;Написать;Детския одежда;9601;2208069;993
217;Помимо;Мужское белье;3464;6850352;294
218;Число;Демисезонная одежда;5470;7018669;848
219;Пересечь;Зимняя одежда;1508;2198251;332
220;Второй;Зимняя одежда;6416;8236066;152
221;Пропасть;Демисезонная одежда;3212;9053270;146
222;Князь;Летняя одежда;5629;1998443;950
223;Угроза;Женская одежда;3628;7439280;915
224;Полюбить;Мужская одежда;2984;317310;768
225;Мусор;Летняя одежда;1580;346435;948
226;Единый;Демисезонная одежда;6500;1332371;983
227;Засунуть;Зимняя одежда;1694;8362762;111
228;Спешить;Спортивная одежда;8074;4119534;382
229;Поздравлять;Летняя одежда;5322;2541194;511
230;Забирать;Женская одежда;912;2680733;628
231;Тяжелый;Мужское белье;5448;6828393;251
232;Трясти;Летняя одежда;9538;97500;857
233;Отражение;Летняя одежда;3949;24034;919
234;Рассуждение;Спортивная одежда;721;3129672;721
235;Налоговый;Мужское белье;5788;6291101;279
236;Встать;Мужское белье;9651;2742909;425
237;Выраженный;Мужская одежда;7315;1519134;716
238;Посвятить;Спортивная одежда;4697;4864790;815
239;Степь;Женская одежда;8646;4950527;172
240;Возможно;Мужское белье;3510;9291572;230
241;Что;Мужская одежда;7132;8890370;408
242;Левый;Летняя одежда;2103;1361003;305
243;Спорт;Мужское белье;474;992243;781
244;Протягивать;Женская одежда;306;1535898;97
245;Запустить;Мужская одежда;5293;9341310;682
246;Госпожа;Детския одежда;1650;3589262;709
247;Совет;Спортивная одежда;3614;2905457;438
248;Механический;Мужская одежда;4908;9586968;170
249;Избегать;Зимняя одежда;6213;7527395;646
250;Проход;Спортивная одежда;884;5965621;348
251;Горький;Спортивная одежда;3148;7420579;589
252;Функция;Мужское белье;8915;7618008;778
253;Командир;Спортивная одежда;8865;1828104;632
254;Отметить;Демисезонная одежда;6717;1104569;385
255;Выражаться;Женская одежда;9685;1876162;509
256;Передо;Женская одежда;1655;141928;389
257;Холодно;Мужское белье;3088;9660922;387
258;Появление;Детския одежда;2750;7372424;90
259;Космос;Спортивная одежда;2845;6966427;778
260;Пересечь;Мужская одежда;3101;4838540;284
261;Конференция;Зимняя одежда;8175;3712093;245
262;Еврейский;Зимняя одежда;6331;6650919;174
263;Командующий;Демисезонная одежда;6390;7957226;799
264;Монета;Женское белье;8415;7415870;550
265;Лететь;Спортивная одежда;1706;3783119;465
266;Спорт;Зимняя одежда;8436;7396338;822
267;Необычный;Женская одежда;9258;9526427;411
268;Интернет;Женская одежда;1509;8963203;30
269;Нож;Мужская одежда;822;350231;968
270;Видимо;Спортивная одежда;1072;564378;43
271;Постоянный;Спортивная одежда;3022;1613157;317
272;Деньги;Зимняя одежда;6386;653147;219
273;Металл;Зимняя одежда;2968;1990933;286
274;Место;Летняя одежда;4504;8314407;330
275;Коммунизм;Женская одежда;5330;1481468;16
276;Бабочка;Зимняя одежда;501;7674422;864
277;Изредка;Летняя одежда;2086;3576234;375
278;Сутки;Мужская одежда;5741;4582839;765
279;Заявление;Женская одежда;912;5179894;509
280;Цель;Летняя одежда;3886;493933;894
281;Рис;Зимняя одежда;2451;1826016;290
282;Еврейский;Зимняя одежда;4389;5790522;751
283;Видимо;Демисезонная одежда;631;2454504;620
284;Ремень;Женская одежда;825;8037647;929
285;Рот;Зимняя одежда;740;4376404;77
286;Кидать;Мужское белье;1484;4160178;938
287;Порода;Мужское белье;3481;7352225;68
288;Исследование;Женское белье;4596;9434146;952
289;Передо;Демисезонная одежда;961;9074607;694
290;Применяться;Зимняя одежда;3520;156836;278
291;Освобождение;Женская одежда;148;6796454;438
292;Некоторый;Женская одежда;3515;3542890;906
293;Командование;Женская одежда;9623;8253625;573
294;Угодный;Демисезонная одежда;238;553967;770
295;Плясать;Женская одежда;8987;1468799;121
296;Слишком;Мужская одежда;9138;9408570;280
297;Сомнительный;Летняя одежда;679;4116101;959
298;Угроза;Мужская одежда;8887;5826646;586
299;Бак;Демисезонная одежда;2776;4693180;810
300;Исполнять;Летняя одежда;9628;607163;705
301;Хозяйка;Мужское белье;9336;3166658;756
302;Посидеть;Демисезонная одежда;6276;5755375;1
303;Исследование;Летняя одежда;1816;7722299;256
304;Избегать;Детския одежда;3061;9070747;154
305;Миллиард;Демисезонная одежда;4999;8032587;688
306;Виднеться;Мужское белье;4380;7097002;781
307;Вытаскивать;Женская одежда;9952;9614457;796
308;Смеяться;Зимняя одежда;5890;9346512;92
309;Изучить;Демисезонная одежда;3987;1848693;99
310;Солнце;Демисезонная одежда;9537;6144778;82
311;Кидать;Женское белье;9286;8331492;11
312;Банк;Женская одежда;527;9684110;586
313;Грустный;Демисезонная одежда;7818;6879758;729
314;О;Демисезонная одежда;6722;2938651;557
315;Слишком;Мужское белье;2138;5225366;961
316;Вообще;Мужская одежда;7283;6247842;491
317;Плод;Мужская одежда;8867;2455903;998
318;Бабочка;Демисезонная одежда;8233;4955065;306
319;Неожиданно;Мужская одежда;4854;873104;776
320;Товар;Демисезонная одежда;8846;6652193;546
321;Разуметься;Мужская одежда;6281;1001209;278
322;Волк;Демисезонная одежда;346;1881759;516
323;Указанный;Летняя одежда;4903;4230561;930
324;Бак;Мужская одежда;1247;8414148;693
325;Уничтожение;Женское белье;6157;4973155;89
326;Забирать;Летняя одежда;583;8397267;265
327;Полностью;Спортивная одежда;3658;8134373;559
328;Настать;Мужское белье;3787;6528688;853
329;Художественный;Мужская одежда;6056;1216042;898
330;Холодно;Детския одежда;1362;7236280;425
331;Функция;Мужское белье;3112;4395890;211
332;Назначить;Летняя одежда;1085;2944832;325
333;Ярко;Демисезонная одежда;8046;1581200;428
334;Зачем;Спортивная одежда;9471;5058625;228
335;Провинция;Демисезонная одежда;1279;7578765;951
336;Поймать;Летняя одежда;4075;1673398;59
337;Четко;Спортивная одежда;1170;1557220;867
338;Дыхание;Мужская одежда;2155;4601928;346
339;Призыв;Летняя одежда;6916;9151583;102
340;Налоговый;Женское белье;9159;1966587;263
341;Пересечь;Мужская одежда;9217;9082187;868
342;Ботинок;Летняя одежда;2727;43726;533
343;Пропадать;Женское белье;3352;7531840;351
344;Карман;Демисезонная одежда;5978;5624914;905
345;Иной;Демисезонная одежда;5889;7424486;376
346;Бак;Детския одежда;1353;3509602;360
347;Выдержать;Женское белье;3116;7452324;196
348;Тюрьма;Летняя одежда;4386;897628;538
349;Монета;Женское белье;7591;5788557;607
350;Аж;Женское белье;9117;9851196;310
351;Командование;Демисезонная одежда;643;5848773;277
352;Цель;Летняя одежда;7114;429143;168
353;Порода;Детския одежда;7864;6409375;245
354;Радость;Спортивная одежда;6768;6297974;255
355;Потом;Мужское белье;5377;6031041;268
356;Висеть;Женская одежда;4066;7619697;316
357;Вперед;Зимняя одежда;5142;6134041;44
358;Необычный;Женская одежда;1014;6661550;638
359;Способ;Зимняя одежда;2952;8818331;667
360;Прощение;Детския одежда;8071;7061666;858
361;Команда;Демисезонная одежда;2930;5161962;69
362;Оставить;Демисезонная одежда;2255;7760789;240
363;Вскинуть;Женское белье;3005;596882;252
364;Ботинок;Зимняя одежда;2132;3445332;94
365;Мотоцикл;Спортивная одежда;1960;2055127;601
366;Плавно;Детския одежда;7612;2424475;920
367;Каюта;Демисезонная одежда;1711;1636169;633
368;Разнообразный;Женское белье;1428;6329186;783
369;Академик;Зимняя одежда;5428;4350899;898
370;Плясать;Женское белье;528;3916057;382
371;Гулять;Демисезонная одежда;591;8147021;364
372;Сравнение;Спортивная одежда;9341;4692472;803
373;Приличный;Спортивная одежда;2041;9305436;201
374;Тута;Демисезонная одежда;5999;283345;323
375;Присесть;Детския одежда;2006;7827062;598
376;Тута;Мужская одежда;8792;3970890;342
377;Ремень;Демисезонная одежда;3329;7684078;638
378;Правильный;Спортивная одежда;4003;2691849;946
379;Новый;Женское белье;6318;5701980;432
380;Рай;Детския одежда;7312;7073011;937
381;Девка;Женская одежда;6110;2665653;940
382;Роса;Мужская одежда;8570;5758862;363
383;Командование;Зимняя одежда;7819;2113599;691
384;Пропасть;Демисезонная одежда;6844;4264395;799
385;Заплакать;Мужское белье;452;1436933;576
386;Ставить;Демисезонная одежда;7365;2507038;305
387;Висеть;Летняя одежда;5229;3253184;259
388;Ручей;Зимняя одежда;4151;4639578;340
389;Тюрьма;Детския одежда;7938;1777698;251
390;Нервно;Демисезонная одежда;5508;7765232;235
391;Выкинуть;Демисезонная одежда;7376;9423972;518
392;Заплакать;Женская одежда;5895;1162809;452
393;Развитый;Летняя одежда;6472;5363139;986
394;Дьявол;Спортивная одежда;5391;1847025;19
395;Страсть;Демисезонная одежда;4718;1987529;891
396;Угроза;Демисезонная одежда;4033;8952210;604
397;Достоинство;Летняя одежда;3122;3690208;158
398;Вообще;Зимняя одежда;4645;3443071;836
399;Поколение;Спортивная одежда;7029;3462395;259
400;Намерение;Мужское белье;7958;1981347;954
401;Низкий;Демисезонная одежда;1813;6730013;674
402;Необычный;Зимняя одежда;7048;7410217;692
403;Эффект;Демисезонная одежда;3297;3059134;720
404;Плясать;Демисезонная одежда;1677;665229;408
405;Необычный;Демисезонная одежда;1600;7798276;70
406;Выбирать;Демисезонная одежда;1334;464968;317
407;Кузнец;Женская одежда;1368;303184;952
408;Каюта;Спортивная одежда;4679;2541803;691
409;Нервно;Мужское белье;2230;6937839;997
410;Банк;Мужское белье;1291;3514744;965
411;Ход;Зимняя одежда;8803;6993293;371
412;Гулять;Мужское белье;5636;10332;76
413;Передо;Детския одежда;2620;3941604;414
414;Заведение;Демисезонная одежда;8064;2568328;920
415;Мера;Спортивная одежда;4831;1838709;355
416;Провал;Женское белье;2887;6857661;861
417;Правый;Спортивная одежда;4678;768722;867
418;Очко;Зимняя одежда;7430;9483739;727
419;Пространство;Спортивная одежда;3850;4325333;548
420;Важный;Женская одежда;8451;423933;548
421;Мера;Спортивная одежда;5258;9062293;573
422;Задрать;Демисезонная одежда;682;7306635;254
423;Коробка;Женская одежда;9538;5918169;973
424;Присесть;Женское белье;4714;7136930;507
425;Песенка;Мужская одежда;5351;9247782;197
426;Блин;Женское белье;2223;1664334;166
427;Правый;Женское белье;5980;8743499;771
428;Печатать;Мужская одежда;6379;7647654;600
429;Куча;Спортивная одежда;1011;709719;943
430;Вчера;Мужская одежда;6824;732119;447
431;Руководитель;Спортивная одежда;9404;1625892;939
432;Некоторый;Спортивная одежда;4278;6815198;587
433;Добиться;Демисезонная одежда;1646;812997;589
434;Правление;Зимняя одежда;8502;1283780;173
435;Светило;Летняя одежда;7626;6372829;193
436;Ленинград;Зимняя одежда;1018;1800565;719
437;Штаб;Детския одежда;2365;6630909;235
438;Руководитель;Детския одежда;1958;2358906;214
439;Конференция;Зимняя одежда;5692;5851851;635
440;Другой;Демисезонная одежда;6956;8648815;652
441;Кидать;Женское белье;8196;5043235;535
442;Пробовать;Мужское белье;9253;1634480;60
443;Помимо;Женская одежда;427;2217872;587
444;Палец;Детския одежда;684;9526556;349
445;Потрясти;Детския одежда;9635;9359179;583
446;Понятный;Спортивная одежда;890;8534221;275
447;Бочок;Мужская одежда;4973;9405961;324
448;Рассуждение;Мужское белье;1643;1609077;235
449;Хлеб;Зимняя одежда;6563;2515738;3
450;Демократия;Мужская одежда;2942;1779188;201
451;Расстегнуть;Женское белье;8435;953000;157
452;Перебивать;Спортивная одежда;1020;6907479;756
453;Рай;Демисезонная одежда;5692;9069955;334
454;Головной;Мужское белье;7596;7049046;923
455;Понятный;Летняя одежда;1947;189489;955
456;Тревога;Женское белье;8942;1328511;796
457;Сопровождаться;Демисезонная одежда;4452;8018390;642
458;Сынок;Спортивная одежда;2981;9999394;53
459;Носок;Мужское белье;1693;1642594;373
460;Роса;Детския одежда;8564;7564992;220
461;Применяться;Спортивная одежда;8030;4984259;865
462;Даль;Мужское белье;7103;7372937;98
463;Перебивать;Мужское белье;7633;1212;786
464;Парень;Зимняя одежда;1152;9970792;907
465;Очутиться;Демисезонная одежда;9669;6272248;280
466;Одиннадцать;Летняя одежда;7913;5203591;535
467;Собеседник;Спортивная одежда;8478;3581111;367
468;Подземный;Женская одежда;8327;1212250;309
469;Багровый;Летняя одежда;8408;4420134;290
470;Сустав;Демисезонная одежда;5252;4199374;98
471;Упор;Демисезонная одежда;1475;5578644;981
472;А;Зимняя одежда;5819;2114200;214
473;Песня;Спортивная одежда;4577;841535;893
474;Темнеть;Зимняя одежда;4856;877863;721
475;Заработать;Женское белье;5499;3025247;1
476;Нож;Демисезонная одежда;4116;5875174;19
477;Народ;Демисезонная одежда;7076;8722518;37
478;Полюбить;Демисезонная одежда;5325;805677;193
479;Помолчать;Зимняя одежда;3005;881307;575
480;Господь;Женская одежда;9484;5632164;415
481;Сравнение;Детския одежда;2347;9580978;387
482;Инвалид;Мужская одежда;8390;8938035;795
483;Трубка;Женская одежда;9000;2195858;356
484;Спорт;Женское белье;2426;6620690;874
485;Зато;Женское белье;6100;4253391;797
486;Совет;Женская одежда;7480;707910;284
487;Полностью;Женская одежда;9971;762684;343
488;Место;Детския одежда;3379;9041487;749
489;Материя;Зимняя одежда;9483;185299;552
490;Очко;Мужское белье;9172;8081503;264
491;Торговля;Мужское белье;5082;1807275;817
492;Спичка;Мужская одежда;7453;8457026;616
493;Заявление;Женская одежда;7560;7297034;143
494;Выражение;Мужская одежда;7889;7365559;229
495;Порода;Демисезонная одежда;1349;7677047;990
496;Угроза;Женское белье;2065;9631529;13
497;Штаб;Мужское белье;7925;8857579;444
498;Торговля;Женская одежда;4493;3084279;967
499;Заплакать;Летняя одежда;7420;4701941;859
500;Социалистический;Мужская одежда;2812;9399671;981
501;Вчера;Женская одежда;8922;6668417;593
502;Проход;Мужское белье;148;7534248;122
503;Отражение;Женская одежда;3762;7729533;358
504;Растеряться;Демисезонная одежда;3894;3624828;77
505;Угроза;Мужская одежда;2113;148115;897
506;Грустный;Летняя одежда;7856;8134990;194
507;Сынок;Детския одежда;1802;1902319;690
508;Трубка;Зимняя одежда;9848;8617086;367
509;Некоторый;Детския одежда;5582;1970741;59
510;Сохранять;Мужское белье;1451;1378798;940
511;Развитый;Детския одежда;2149;9371050;21
512;Командир;Демисезонная одежда;6713;3409715;271
513;Упорно;Демисезонная одежда;7923;3033456;313
514;Висеть;Спортивная одежда;8268;4748863;958
515;Полевой;Мужская одежда;7912;1044193;199
516;Способ;Демисезонная одежда;9647;7817337;620
517;Вздрогнуть;Детския одежда;9442;7929240;548
518;Пересечь;Женская одежда;2814;5850987;763
519;Сустав;Детския одежда;1210;7175438;302
520;Оставить;Летняя одежда;2644;6741714;575
521;Ребятишки;Демисезонная одежда;5197;2515255;488
522;Танцевать;Зимняя одежда;4320;4603946;240
523;Вздрогнуть;Детския одежда;1784;1990857;376
524;Неправда;Спортивная одежда;5590;5670995;892
525;Ведь;Демисезонная одежда;4543;6409317;93
526;Актриса;Женская одежда;7717;302133;704
527;Костер;Спортивная одежда;2481;2987835;423
528;Табак;Летняя одежда;7375;2328593;548
529;Набор;Женское белье;2987;7369126;767
530;Развернуться;Летняя одежда;4430;832545;40
531;Плавно;Летняя одежда;3432;3561485;245
532;Порядок;Демисезонная одежда;9273;3201822;338
533;Головка;Летняя одежда;1139;5205598;433
534;Отражение;Демисезонная одежда;5234;6279228;28
535;Налоговый;Демисезонная одежда;7452;38103;211
536;Угроза;Женская одежда;3051;7211236;558
537;Изба;Мужская одежда;6316;7440917;438
538;А;Спортивная одежда;7523;9371828;614
539;Песня;Демисезонная одежда;7898;5808829;745
540;Мусор;Зимняя одежда;6234;627734;225
541;Трубка;Зимняя одежда;3906;2268118;490
542;Монета;Детския одежда;6596;4683770;616
543;Нож;Мужская одежда;4399;6243981;827
544;Тысяча;Демисезонная одежда;206;2673835;958
545;Сынок;Мужская одежда;2028;8735519;833
546;Доставать;Детския одежда;5446;9901914;892
547;Секунда;Женская одежда;4739;9970436;511
548;Освобождение;Мужская одежда;4354;6934627;133
549;Остановить;Демисезонная одежда;7655;8431999;517
550;Белье;Мужское белье;8739;1763647;318
551;Уничтожение;Летняя одежда;3183;6427724;476
552;Разводить;Мужская одежда;1097;447517;501
553;Спасть;Демисезонная одежда;3403;6253994;7
554;Остановить;Женское белье;3683;9012845;900
555;Вперед;Спортивная одежда;7026;2218875;245
556;Важный;Спортивная одежда;9137;2134011;680
557;Отъезд;Демисезонная одежда;5154;2554990;829
558;Торговля;Демисезонная одежда;1756;4570833;130
559;Рис;Демисезонная одежда;1334;828537;124
560;Сомнительный;Женская одежда;2955;7887005;938
561;Висеть;Женское белье;9810;6966428;390
562;Отъезд;Мужская одежда;4267;1880135;588
563;Забирать;Демисезонная одежда;6589;7679776;424
564;Картинка;Мужская одежда;6539;9621738;435
565;Секунда;Демисезонная одежда;1039;215135;983
566;Процесс;Летняя одежда;7823;576068;567
567;Кольцо;Демисезонная одежда;8685;6146698;462
568;Приятель;Детския одежда;4372;210286;672
569;Скрытый;Детския одежда;7204;8134370;86
570;Штаб;Зимняя одежда;5888;7394057;699
571;За;Летняя одежда;6965;7302255;571
572;Прощение;Демисезонная одежда;8190;8271319;72
573;Естественный;Детския одежда;7803;6753601;956
574;Цепочка;Мужская одежда;1864;2657336;478
575;Командующий;Летняя одежда;8000;3680589;472
576;Трясти;Летняя одежда;4452;1102827;568
577;Сохранять;Летняя одежда;604;7670260;679
578;Непривычный;Мужская одежда;6795;3252993;909
579;Гулять;Мужская одежда;1000;3845794;681
580;Советовать;Демисезонная одежда;3048;4877235;216
581;Смеяться;Женская одежда;6367;5287254;148
582;Число;Летняя одежда;8486;613351;928
583;Очутиться;Женское белье;588;5006030;159
584;Помимо;Зимняя одежда;8406;1599125;637
585;Собеседник;Мужское белье;7179;3727898;650
586;Вытаскивать;Спортивная одежда;1029;6336518;722
587;Достоинство;Зимняя одежда;2416;8714522;32
588;Витрина;Спортивная одежда;9714;1549329;370
589;Исследование;Демисезонная одежда;4622;3452382;317
590;Идея;Летняя одежда;8032;7351588;294
591;Коробка;Демисезонная одежда;6007;8290813;11
592;Грустный;Зимняя одежда;5373;4736291;61
593;Бочок;Зимняя одежда;8362;4348100;994
594;Дурацкий;Спортивная одежда;7181;2429174;292
595;Упор;Женская одежда;3889;4063025;62
596;Тесно;Мужское белье;1910;210935;73
597;Страсть;Детския одежда;2029;8839828;421
598;Хозяйка;Демисезонная одежда;2416;9443040;540
599;Очутиться;Летняя одежда;6911;816106;402
600;Поезд;Зимняя одежда;5988;8248223;613
601;Домашний;Женское белье;8676;6598955;327
602;Другой;Мужская одежда;4140;9053879;339
603;Услать;Мужская одежда;269;9574298;586
604;Аж;Демисезонная одежда;5053;1919385;384
605;Остановить;Женское белье;7382;7777593;265
606;Вариант;Мужское белье;2458;7910982;873
607;Некоторый;Летняя одежда;9690;1666315;191
608;Юный;Детския одежда;8435;1876735;954
609;За;Демисезонная одежда;5111;2958696;808
610;Вздрогнуть;Летняя одежда;4707;5235577;953
611;Посидеть;Демисезонная одежда;2306;6794402;417
612;Дурацкий;Женское белье;143;3861574;150
613;Болото;Демисезонная одежда;7433;5951970;747
614;Салон;Зимняя одежда;3585;7815100;181
615;Свежий;Летняя одежда;1217;678868;643
616;Редактор;Женская одежда;6912;9587860;745
617;Мера;Женское белье;9329;5346819;16
618;Прошептать;Демисезонная одежда;6762;313962;317
619;Поезд;Демисезонная одежда;419;4308076;924
620;Смертельный;Демисезонная одежда;3393;6972342;637
621;Вытаскивать;Летняя одежда;6730;3428949;613
622;Академик;Женская одежда;7931;370034;460
623;Плод;Женское белье;3277;7957154;728
624;Сходить;Мужская одежда;1117;117163;244
625;Жить;Зимняя одежда;2882;4099787;729
626;Необычный;Женская одежда;3625;7985939;738
627;Манера;Летняя одежда;5070;646478;898
628;Коллектив;Женская одежда;1476;9011776;511
629;Деловой;Демисезонная одежда;2888;8948026;682
630;Витрина;Мужское белье;3214;6840119;400
631;Сохранять;Демисезонная одежда;843;3167924;540
632;Ныне;Женское белье;1052;316987;499
633;Зеленый;Демисезонная одежда;8109;176739;815
634;Кольцо;Мужское белье;7603;3756971;578
635;Свежий;Детския одежда;417;4238520;307
636;Скрытый;Женское белье;8156;6316403;250
637;Услать;Женское белье;7269;8787602;85
638;Мелькнуть;Спортивная одежда;837;1768986;914
639;Девка;Зимняя одежда;5853;2578884;390
640;Перебивать;Детския одежда;6134;7469966;733
641;Печатать;Мужское белье;2431;5163336;391
642;Пропасть;Демисезонная одежда;9240;3741125;657
643;Армейский;Детския одежда;6903;3710283;671
644;Сохранять;Мужское белье;4653;7548247;330
645;Заплакать;Мужское белье;3095;6818030;565
646;Задрать;Женское белье;9017;649258;285
647;Анализ;Мужская одежда;1135;9635901;190
648;Провинция;Спортивная одежда;3693;427282;810
649;Точно;Демисезонная одежда;8539;8743075;476
650;Спичка;Мужская одежда;809;3376941;665
651;Непривычный;Мужское белье;7420;977276;751
652;Очутиться;Женская одежда;3842;8082558;569
653;Запустить;Мужская одежда;7943;5838643;271
654;Единый;Зимняя одежда;5046;350571;28
655;Другой;Мужская одежда;1787;466029;318
656;Товар;Демисезонная одежда;2408;4045428;192
657;Товар;Спортивная одежда;5545;644497;715
658;Терапия;Мужская одежда;7156;4791684;340
659;Мрачно;Детския одежда;856;224876;648
660;Точно;Женская одежда;1854;1762770;866
661;Район;Мужская одежда;7064;390024;540
662;Новый;Зимняя одежда;9324;1101284;161
663;Тревога;Женская одежда;4472;4427932;698
664;Конференция;Мужская одежда;280;3319155;600
665;Бабочка;Женское белье;9849;7266176;639
666;Боец;Женская одежда;2029;3941166;898
667;Тысяча;Летняя одежда;1669;799817;707
668;Головка;Летняя одежда;2198;6048923;540
669;Стакан;Демисезонная одежда;4036;2196231;998
670;Господь;Мужская одежда;6726;6047209;858
671;Банк;Мужское белье;3351;1448714;89
672;Некоторый;Спортивная одежда;5427;5714612;308
673;Холодно;Детския одежда;1728;85131;147
674;Плод;Демисезонная одежда;4164;2597830;709
675;Миф;Мужское белье;2172;9659854;477
676;Падаль;Демисезонная одежда;5597;518456;275
677;Видимо;Демисезонная одежда;2189;9938659;952
678;Вытаскивать;Мужское белье;8223;7817633;930
679;Услать;Спортивная одежда;4895;891777;448
680;Задержать;Детския одежда;8455;6727995;649
681;Скрытый;Зимняя одежда;6108;9504269;345
682;Парень;Мужская одежда;615;6689128;403
683;Равнодушный;Демисезонная одежда;2820;8608935;346
684;Школьный;Спортивная одежда;229;3955381;151
685;Голубчик;Летняя одежда;5542;720485;647
686;Заявление;Женская одежда;1691;1576504;212
687;Наслаждение;Зимняя одежда;4945;4573222;205
688;Лапа;Демисезонная одежда;4764;3984049;622
689;Сынок;Женское белье;6854;671386;120
690;Поезд;Детския одежда;2016;5519458;179
691;Миг;Мужское белье;2042;9328920;141
692;Обида;Зимняя одежда;9209;8055812;863
693;Экзамен;Летняя одежда;5956;7704060;663
694;Важный;Демисезонная одежда;6937;2822962;887
695;О;Зимняя одежда;1462;1628578;495
696;Вперед;Женское белье;6047;1632203;846
697;Дыхание;Женское белье;5058;6292494;261
698;Лететь;Женское белье;8948;7217901;857
699;Легко;Демисезонная одежда;6042;8545759;966
700;Крутой;Спортивная одежда;1579;9931230;718
701;Прошептать;Женская одежда;5994;2586243;268
702;Монета;Летняя одежда;4728;7638027;166
703;Заявление;Летняя одежда;5907;7520774;899
704;Выбирать;Зимняя одежда;8876;5010081;137
705;Мягкий;Летняя одежда;3139;8481224;306
706;Ручей;Летняя одежда;9246;8473071;324
707;Конструкция;Летняя одежда;5214;484525;930
708;Слать;Зимняя одежда;3525;8675792;964
709;Потрясти;Демисезонная одежда;1130;1522663;827
710;Славный;Зимняя одежда;2741;5780406;261
711;Решетка;Летняя одежда;8396;5994814;975
712;Пропаганда;Детския одежда;7701;9444713;965
713;Помимо;Мужская одежда;288;7111817;70
714;Премьера;Зимняя одежда;6536;4447292;189
715;Расстройство;Женская одежда;504;6705591;571
716;Кузнец;Мужская одежда;492;1825940;164
717;Прошептать;Зимняя одежда;1852;6395058;550
718;Спешить;Женское белье;6542;9478895;784
719;Дружно;Зимняя одежда;4776;8951483;767
720;Направо;Зимняя одежда;2722;7165135;527
721;Решетка;Женское белье;2063;9899761;714
722;Порог;Демисезонная одежда;2885;5665485;87
723;Радость;Детския одежда;1541;7642298;417
724;Мгновение;Мужское белье;5091;109059;224
725;Серьезный;Демисезонная одежда;7511;5948333;367
726;Танцевать;Детския одежда;379;7310992;777
727;Изображать;Спортивная одежда;1258;3267084;271
728;Собеседник;Зимняя одежда;2857;9220619;835
729;Граница;Демисезонная одежда;1589;6688824;531
730;Совещание;Женское белье;5085;9695493;473
731;Зима;Летняя одежда;5030;4196945;371
732;Хлеб;Детския одежда;1427;649851;420
733;Горький;Спортивная одежда;4076;271167;332
734;Настать;Женская одежда;6706;7667750;44
735;Тюрьма;Демисезонная одежда;5627;9262400;692
736;Блин;Мужская одежда;2240;680076;313
737;Совещание;Спортивная одежда;8553;3562233;219
738;Реклама;Женская одежда;9797;3265330;230
739;Сохранять;Детския одежда;8166;4921433;833
740;Угроза;Летняя одежда;9671;5200219;283
741;Невыносимый;Зимняя одежда;1336;1277716;697
742;Плясать;Спортивная одежда;7371;303657;604
743;Пересечь;Детския одежда;1717;1521181;496
744;Построить;Демисезонная одежда;2208;3891147;198
745;Выразить;Демисезонная одежда;6172;1084483;529
746;Задержать;Детския одежда;2229;6775631;614
747;Находить;Женская одежда;4491;7953006;269
748;Собеседник;Летняя одежда;581;324187;118
749;Нажать;Спортивная одежда;3308;6238596;449
750;Пропаганда;Детския одежда;6523;6677897;440
751;Одиннадцать;Детския одежда;4924;4811491;708
752;Юный;Женское белье;8416;7453012;591
753;Космос;Детския одежда;6388;6503247;530
754;Необычный;Зимняя одежда;6732;9866610;491
755;Казнь;Демисезонная одежда;3501;8752433;200
756;Неправда;Зимняя одежда;9364;3221153;756
757;Монета;Зимняя одежда;1876;8328961;18
758;Печатать;Спортивная одежда;2543;8692498;849
759;Мгновение;Женская одежда;6865;8137389;565
760;Славный;Летняя одежда;7478;5721020;617
761;Важный;Зимняя одежда;3069;4660558;628
762;Некоторый;Демисезонная одежда;4571;6228006;808
763;Волк;Летняя одежда;563;2842623;589
764;Механический;Демисезонная одежда;1185;6719966;824
765;Поздравлять;Летняя одежда;513;7656801;76
766;Тысяча;Спортивная одежда;6443;3178682;235
767;Ведь;Детския одежда;6890;4372497;95
768;Полностью;Летняя одежда;5070;9608330;375
769;Выгнать;Женское белье;7589;1252935;167
770;Очко;Женское белье;9108;1026568;723
771;Цвет;Спортивная одежда;2119;6689436;580
772;Ход;Детския одежда;9685;457110;390
773;Поздравлять;Женское белье;162;1204334;986
774;Команда;Зимняя одежда;5536;3385089;47
775;Спалить;Мужское белье;551;5404286;135
776;Исполнять;Спортивная одежда;3823;6527534;761
777;Увеличиваться;Демисезонная одежда;5538;4173484;828
778;Рассуждение;Зимняя одежда;7589;3763016;777
779;Плавно;Женское белье;5002;7891640;358
780;Изучить;Мужское белье;9215;6847473;356
781;Жидкий;Детския одежда;151;8785331;153
782;Изучить;Мужская одежда;4101;1096144;465
783;Вообще;Женское белье;8958;4537483;980
784;Пространство;Детския одежда;7734;1699485;813
785;Социалистический;Летняя одежда;3128;9104164;476
786;Пол;Мужская одежда;327;4349818;493
787;Конструкция;Женское белье;3855;7255865;830
788;Постоянный;Детския одежда;6467;4758594;174
789;Спешить;Спортивная одежда;8103;4305637;367
790;Отдел;Мужское белье;9380;8809492;91
791;Казнь;Демисезонная одежда;2784;7271291;322
792;Костер;Женская одежда;2196;9041866;788
793;Инфекция;Демисезонная одежда;7000;4492704;257
794;Социалистический;Женское белье;5340;2840342;759
795;Рис;Детския одежда;9373;1863032;600
796;Труп;Зимняя одежда;8686;2708219;65
797;Волк;Летняя одежда;477;2745813;466
798;А;Летняя одежда;6334;1799334;934
799;Заведение;Женская одежда;8222;3741614;15
800;Покинуть;Демисезонная одежда;6954;6031759;528
801;Заявление;Летняя одежда;3371;5551051;41
802;Четыре;Спортивная одежда;4464;6204289;7
803;Песенка;Мужская одежда;9587;4506122;680
804;Инвалид;Зимняя одежда;2608;3312043;486
805;Пропаганда;Женское белье;4589;8163219;852
806;Запустить;Демисезонная одежда;3558;1984706;24
807;Написать;Женское белье;4843;3236187;805
808;Вывести;Мужское белье;1721;2684281;948
809;Какой;Летняя одежда;6386;5647576;326
810;Секунда;Женская одежда;7621;9097999;343
811;Четыре;Зимняя одежда;4299;5405306;605
812;Уточнить;Спортивная одежда;5038;4230564;746
813;Правление;Спортивная одежда;6613;133468;82
814;Число;Летняя одежда;6647;3756860;917
815;Поколение;Демисезонная одежда;145;6066114;277
816;Рота;Летняя одежда;9248;5523703;719
817;Дыхание;Женское белье;9246;7112950;205
818;Пасть;Демисезонная одежда;5728;2077589;227
819;Карман;Демисезонная одежда;1141;3778267;753
820;Упор;Летняя одежда;8073;2839924;737
821;Магазин;Мужская одежда;8797;774962;984
822;Сходить;Демисезонная одежда;922;7704746;410
823;Похороны;Демисезонная одежда;2583;5263307;870
824;Ягода;Детския одежда;7534;9551319;916
825;Багровый;Демисезонная одежда;1051;4807147;5
826;Домашний;Мужская одежда;2174;1938981;514
827;Нож;Женская одежда;7107;4083447;469
828;Факультет;Женская одежда;3542;7881130;493
829;Приятель;Мужское белье;7644;8711554;601
830;Место;Зимняя одежда;171;6548994;915
831;Сравнение;Спортивная одежда;6429;15852;921
832;Задрать;Женское белье;1232;6660411;382
833;Художественный;Мужское белье;803;1265532;821
834;Сомнительный;Зимняя одежда;4955;3570390;221
835;Монета;Зимняя одежда;7392;4350140;895
836;Горький;Демисезонная одежда;8965;3284289;115
837;Хлеб;Детския одежда;7974;2321886;618
838;Коллектив;Мужское белье;5484;7201634;537
839;Дружно;Мужская одежда;2889;2160227;185
840;Господь;Зимняя одежда;8587;831681;172
841;Мелькнуть;Мужская одежда;3269;1998943;622
842;Команда;Зимняя одежда;801;7565976;391
843;Невыносимый;Демисезонная одежда;1273;4152044;957
844;Академик;Мужская одежда;7005;1416003;709
845;Сохранять;Женская одежда;3630;121998;87
846;Головка;Мужское белье;6235;1393799;115
847;Научить;Демисезонная одежда;4713;2127743;518
848;Оставить;Детския одежда;6364;7011719;920
849;Передо;Мужская одежда;4178;1507137;497
850;Место;Демисезонная одежда;7354;6282228;526
851;Военный;Женское белье;1900;2503320;712
852;Зарплата;Мужская одежда;817;1251903;437
853;Сбросить;Мужское белье;4624;7717134;987
854;Заведение;Детския одежда;2297;440585;549
855;Невыносимый;Женская одежда;6260;1419697;864
856;Коллектив;Спортивная одежда;5350;9213024;628
857;Висеть;Мужская одежда;8424;8476998;751
858;Инвалид;Зимняя одежда;898;3686493;682
859;Головка;Мужское белье;237;6663012;303
860;Предоставить;Детския одежда;3312;2972592;973
861;Доставать;Мужское белье;1099;7194693;982
862;Инструкция;Мужское белье;7972;4475534;497
863;Конструкция;Детския одежда;6726;5652955;784
864;Сынок;Детския одежда;3453;1683019;665
865;Грудь;Демисезонная одежда;442;822572;648
866;Ломать;Демисезонная одежда;5927;8504386;144
867;Горький;Женская одежда;7376;9024478;594
868;Другой;Мужское белье;6250;1404006;851
869;Помимо;Мужская одежда;6844;4881107;421
870;Июнь;Женское белье;6003;2159170;24
871;Советовать;Детския одежда;4564;3520252;245
872;Аллея;Зимняя одежда;2930;215430;292
873;Угодный;Женское белье;3000;1097152;136
874;Основание;Детския одежда;9877;4213192;756
875;Пастух;Зимняя одежда;6423;9234424;834
876;Освобождение;Демисезонная одежда;1807;5282848;941
877;Намерение;Детския одежда;9870;7682094;207
878;Покидать;Спортивная одежда;9311;5313268;991
879;Угол;Демисезонная одежда;740;3790555;326
880;Госпожа;Детския одежда;796;4277854;531
881;Головной;Спортивная одежда;7471;9459691;894
882;Выразить;Летняя одежда;7442;2337592;974
883;Потом;Демисезонная одежда;2279;1129946;205
884;Полоска;Зимняя одежда;2159;912879;525
885;Кидать;Мужская одежда;6312;628837;479
886;Коричневый;Мужская одежда;8629;7742449;964
887;Головка;Зимняя одежда;276;8513075;715
888;Возникновение;Детския одежда;3527;7554399;982
889;Ученый;Спортивная одежда;2029;4073896;441
890;Премьера;Мужское белье;1155;4535391;626
891;Горький;Демисезонная одежда;2998;4989108;354
892;Четко;Женское белье;3408;5070688;235
893;Привлекать;Летняя одежда;8976;5701753;919
894;Правый;Демисезонная одежда;3679;2127286;548
895;Уничтожение;Спортивная одежда;8057;7533418;904
896;Район;Демисезонная одежда;6361;4711822;970
897;Дыхание;Демисезонная одежда;6221;6542262;176
898;Тяжелый;Демисезонная одежда;5985;2450863;667
899;Ручей;Демисезонная одежда;4830;9841109;459
900;Написать;Зимняя одежда;213;5935408;55
901;Постоянный;Летняя одежда;9250;3757613;643
902;Оборот;Зимняя одежда;7577;9668062;721
903;Кольцо;Детския одежда;9913;3526853;301
904;Войти;Демисезонная одежда;8865;9535056;985
905;Адвокат;Летняя одежда;6033;1316411;883
906;Вряд;Мужская одежда;3787;6667442;574
907;Оборот;Женская одежда;1463;3357524;226
908;Июнь;Зимняя одежда;6646;390895;661
909;Лететь;Демисезонная одежда;3347;5596867;212
910;Поставить;Демисезонная одежда;2858;9893756;650
911;Рассуждение;Мужская одежда;8632;9076196;661
912;Коричневый;Демисезонная одежда;2311;8335210;984
913;Возможно;Демисезонная одежда;7509;5960524;862
914;Мелочь;Спортивная одежда;3540;334744;741
915;Чувство;Демисезонная одежда;4325;9434356;988
916;Спорт;Мужская одежда;2306;3527565;830
917;Зато;Мужское белье;9226;6095752;494
918;Тревога;Мужское белье;4127;7550143;655
919;Магазин;Мужская одежда;9637;5030814;164
920;Счастье;Женское белье;6429;4859101;207
921;Пространство;Женское белье;4948;6157968;664
922;Лететь;Детския одежда;7065;5625503;749
923;Анализ;Зимняя одежда;3313;6823683;660
924;Дурацкий;Мужская одежда;9661;8517367;195
925;Руководитель;Летняя одежда;1692;2049040;403
926;Угол;Женская одежда;4075;2430150;991
927;Спешить;Летняя одежда;5876;4261923;774
928;Монета;Летняя одежда;2410;1149113;306
929;Хотеть;Демисезонная одежда;4938;5683213;18
930;Каюта;Мужская одежда;1117;7202603;905
931;Скрытый;Спортивная одежда;919;820196;655
932;Близко;Детския одежда;2999;8042042;523
933;Зима;Демисезонная одежда;3209;3604023;968
934;Правление;Демисезонная одежда;2483;860881;599
935;Головка;Зимняя одежда;8059;3341115;967
936;Демократия;Мужское белье;5070;812110;306
937;Ломать;Зимняя одежда;3102;4940005;38
938;Спешить;Демисезонная одежда;730;6492320;572
939;Устройство;Спортивная одежда;3187;1345078;203
940;Танцевать;Спортивная одежда;3183;60630;267
941;Заложить;Спортивная одежда;189;9636967;593
942;Премьера;Зимняя одежда;5835;3100377;711
943;Руководитель;Зимняя одежда;7928;1632223;511
944;Инструкция;Мужское белье;2979;8525675;658
945;Сбросить;Летняя одежда;4872;9354065;836
946;Доставать;Мужское белье;1163;5046571;451
947;Жестокий;Женская одежда;1079;1991091;5
948;Коричневый;Женская одежда;6991;8291465;88
949;Вариант;Женская одежда;1941;2938993;195
950;Приятель;Спортивная одежда;9583;8505324;238
951;Функция;Демисезонная одежда;1787;8612523;806
952;Печатать;Зимняя одежда;1010;414969;958
953;Приятель;Мужская одежда;9429;4243877;858
954;Жидкий;Зимняя одежда;9959;8518950;262
955;Идея;Демисезонная одежда;4780;339093;437
956;Поговорить;Мужская одежда;6448;2034862;366
957;Покидать;Детския одежда;5708;8511320;533
958;Построить;Зимняя одежда;9157;6060461;382
959;Багровый;Зимняя одежда;861;6850287;688
960;Изображать;Летняя одежда;1475;5554130;306
961;Цепочка;Женское белье;1960;7151289;514
962;Роса;Демисезонная одежда;5874;6506524;171
963;Сходить;Мужское белье;9668;175908;950
964;Термин;Детския одежда;2128;1510129;262
965;Ход;Летняя одежда;2828;7334784;428
966;Картинка;Детския одежда;4773;7819082;451
967;Секунда;Летняя одежда;660;3094963;720
968;Сопровождаться;Мужское белье;4470;1549588;934
969;Заплакать;Зимняя одежда;1756;2720406;69
970;Иной;Женское белье;6957;4673857;94
971;Зарплата;Летняя одежда;5775;492978;542
972;Вариант;Спортивная одежда;7018;5939476;818
973;Гулять;Спортивная одежда;2360;4799259;96
974;Сустав;Демисезонная одежда;1097;8433968;992
975;Болото;Детския одежда;1056;1814761;755
976;Магазин;Мужская одежда;4221;9457852;845
977;Скрытый;Летняя одежда;1684;4913888;954
978;Пол;Мужская одежда;1576;9260686;920
979;Трясти;Демисезонная одежда;5476;2439308;61
980;Ребятишки;Женская одежда;8433;7418082;87
981;Угроза;Детския одежда;1636;4234076;793
982;Жестокий;Детския одежда;4670;3557391;84
983;Порода;Мужская одежда;8494;517603;680
984;Забирать;Женское белье;2002;6519087;659
985;Функция;Женское белье;4068;9854037;548
986;Мотоцикл;Зимняя одежда;8714;6666270;752
987;Заложить;Демисезонная одежда;1375;3480743;666
988;Солнце;Демисезонная одежда;7449;6628224;531
989;Художественный;Демисезонная одежда;3711;3429531;780
990;Миллиард;Мужская одежда;3333;8457760;984
991;Освободить;Демисезонная одежда;992;6523871;968
992;Головка;Мужское белье;7463;420307;396
993;Вздрогнуть;Зимняя одежда;6483;9061753;296
994;Реклама;Детския одежда;4360;7809794;619
995;Пропадать;Зимняя одежда;8671;8001750;120
996;Серьезный;Летняя одежда;8298;5176487;366
997;Выразить;Мужское белье;7401;723589;815
998;Бригада;Женская одежда;7447;7848266;287
999;Избегать;Детския одежда;2344;2120073;420
1000;Появление;Демисезонная одежда;3375;6067576;240
